Date,Adj_Close,ret
2014-01-31,154.8639777415331,-0.005875638919431658
2014-02-03,151.37871676487754,-0.0227624137457223
2014-02-04,152.43907266975543,0.006980237807807654
2014-02-05,152.24786023679098,-0.0012551405223915069
2014-02-06,154.2555799186241,0.013100984426881901
2014-02-07,156.16769294940326,0.012319548059026353
2014-02-10,156.45451203342165,0.0018349250943936468
2014-02-11,158.16672554223462,0.010884391821729622
2014-02-12,158.24495801528502,0.000494498014516509
2014-02-13,159.061942449162,0.005149501873654927
2014-02-14,159.9397851780858,0.005503700254704036
2014-02-18,160.13099761105025,0.0011948135599615384
2014-02-19,159.07064170617235,-0.0066438243081776704
2014-02-20,160.00931839412584,0.005883662487248031
2014-02-21,159.8267921810197,-0.0011413735152867588
2014-02-24,160.71332286808877,0.005531494536311854
2014-02-25,160.65247587190706,-0.0003786774893121958
2014-02-26,160.6611759980609,5.415347966319928e-05
2014-02-27,161.50424603496043,0.005233783042639217
2014-02-28,161.91273129875114,0.0025260608417640995
2014-03-03,160.77415595797493,-0.007056872223639488
2014-03-04,163.03393419981074,0.013957742240755522
2014-03-05,163.18168685174908,0.000905858901333545
2014-03-06,163.55541246066755,0.002287623735948152
2014-03-07,163.62494567670757,0.0004250451798677446
2014-03-10,163.53803915180745,-0.0005312735912941235
2014-03-11,162.7297287697802,-0.0049548997188022526
2014-03-12,162.77318855080628,0.0002670315930934919
2014-03-13,160.94798204492722,-0.011276530624215297
2014-03-14,160.4960370001104,-0.002811969212928034
2014-03-17,161.94750485991892,0.009002987967052789
2014-03-18,163.10346741585073,0.007112530204081757
2014-03-19,162.23432394393728,-0.005343034610111097
2014-03-20,163.18168685174908,0.005822489077306869
2014-03-21,162.55121626122735,-0.0038710942113358016
2014-03-24,161.87900848065468,-0.0041439341420614895
2014-03-25,162.647246318306,0.004734527708269098
2014-03-26,161.47743887659914,-0.007218287124726608
2014-03-27,161.13697264237754,-0.002110670499898326
2014-03-28,161.9313985115217,0.004918014521376968
2014-03-31,163.25833850714858,0.008161065429872494
2014-04-01,164.34085367453605,0.0066088020559122995
2014-04-02,164.89084336653727,0.003341052569088454
2014-04-03,164.67259522088713,-0.001324468384540367
2014-04-04,162.7258121587697,-0.011892580801902142
2014-04-07,160.92744918459795,-0.011113013196164978
2014-04-08,161.5909322773001,0.0041143951278783675
2014-04-09,163.3281787867492,0.01069351112288075
2014-04-10,159.89732492107004,-0.02122965348951933
2014-04-11,158.45687930284606,-0.009049388568529437
2014-04-14,159.70526480691277,0.007847520101570638
2014-04-15,160.80523109602643,0.0068638663737967676
2014-04-16,162.490113764386,0.010423273638624941
2014-04-17,162.71708659790661,0.0013958662054314175
2014-04-21,163.28452653864142,0.003481212919989929
2014-04-22,164.0265754718073,0.0045342195845599065
2014-04-23,163.64245698947792,-0.002344552705515035
2014-04-24,163.97419853582903,0.0020251818956023016
2014-04-25,162.6297821016911,-0.008232747347460823
2014-04-28,163.14485820133635,0.0031621646692050476
2014-04-29,163.9043573832358,0.004644564249244532
2014-04-30,164.39323148350692,0.002978239732521537
2014-05-01,164.41069482712925,0.0001062234495474712
2014-05-02,164.17498333785682,-0.0014347036122854817
2014-05-05,164.48926066759296,0.0019124527919096579
2014-05-06,163.0575537051208,-0.008742054678257283
2014-05-07,164.0178507839368,0.0058720394438456225
2014-05-08,163.8432417915057,-0.0010651401638881453
2014-05-09,164.08769193652998,0.0014908638689430376
2014-05-12,165.6852561407927,0.009688949389376589
2014-05-13,165.8336771017309,0.0008953996648264351
2014-05-14,165.04797592045725,-0.004749146112197344
2014-05-15,163.59880474137015,-0.008819076631340295
2014-05-16,164.16625777699372,0.003462563082304193
2014-05-19,164.76862440497317,0.0036625322151069284
2014-05-20,163.72976148569347,-0.006324940561025727
2014-05-21,165.10909151218738,0.008389143213574535
2014-05-22,165.51066024325033,0.002429188978582353
2014-05-23,166.17414333595252,0.004000689633600452
2014-05-27,167.19554291160986,0.006127748345821971
2014-05-28,167.0733248230384,-0.0007312562180619153
2014-05-29,167.937578749887,0.005159568449362162
2014-05-30,168.20820470450798,0.0016101705058426674
2014-06-02,168.40026394567266,0.0011411433751309374
2014-06-03,168.31297254434588,-0.000518491070873317
2014-06-04,168.65343877856748,0.0020207732203543216
2014-06-05,169.75340506768114,0.00650087421666079
2014-06-06,170.56529515344022,0.004771360642325639
2014-06-09,170.73989105098258,0.0010231072941717656
2014-06-10,170.7573543946049,0.00010227516543981352
2014-06-11,170.16371245449594,-0.0034825805608775795
2014-06-12,168.9589783255444,-0.00710503443012378
2014-06-13,169.47405442518965,0.003043890208658695
2014-06-16,169.61372276249475,0.0008237887331832283
2014-06-17,170.08514661403223,0.0027755414967520764
2014-06-18,171.3335198962028,0.0073128915787830095
2014-06-19,171.5255791373675,0.0011203392985326133
2014-06-20,171.87189180291475,0.0020169792282098697
2014-06-23,171.81926447930934,-0.00030624776375365315
2014-06-24,170.7842016782863,-0.006042355390115439
2014-06-25,171.55611207229572,0.004509616140289552
2014-06-26,171.43330884372165,-0.0007160759273183714
2014-06-27,171.766636278538,0.0019424684902347167
2014-06-30,171.67891442370387,-0.0005108341427764174
2014-07-01,172.8280000224579,0.0066709248022442935
2014-07-02,173.00343057463738,0.0010145438020146003
2014-07-03,173.85428239263786,0.00490606662513926
2014-07-07,173.24903615461957,-0.0034874161040692186
2014-07-08,172.13504420992834,-0.006450765226353461
2014-07-09,172.90694144644897,0.004474229550656794
2014-07-10,172.2227529072737,-0.003964825088342394
2014-07-11,172.45959209106755,0.0013742463140582473
2014-07-14,173.32799073609942,0.0050227394725279595
2014-07-15,173.00343057463738,-0.0018742755436171876
2014-07-16,173.64377134388437,0.003694485309841511
2014-07-17,171.6701418873541,-0.01143105372748554
2014-07-18,173.4244798642878,0.010167374275302343
2014-07-21,173.09991882565987,-0.0018732368327452065
2014-07-22,173.85428239263786,0.004348497600226153
2014-07-23,174.2402371510596,0.0022175294060176043
2014-07-24,174.24900442441387,5.031589105275458e-05
2014-07-25,173.43324626047618,-0.004692558560315696
2014-07-28,173.5034212882789,0.00040454085903096626
2014-07-29,172.75782499465515,-0.004306560170824092
2014-07-30,172.78413909504084,0.00015230625030326905
2014-07-31,169.37196367251872,-0.01994579969620691
2014-08-01,168.85443928933452,-0.0030602270108799345
2014-08-04,170.07369903872535,0.007194829057510788
2014-08-05,168.42462360349572,-0.009743554820835776
2014-08-06,168.47726408458993,0.00031249739729233283
2014-08-07,167.56500451214097,-0.005429446821025863
2014-08-08,169.5035464547699,0.011502487019985352
2014-08-11,169.99475761473428,0.0028937493757759114
2014-08-12,169.75791930810635,-0.0013941808914390563
2014-08-13,170.90700402969446,0.006746154363573176
2014-08-14,171.7139957974438,0.004710705184260533
2014-08-15,171.67891442370387,-0.00020432206267351205
2014-08-18,173.11746652985718,0.008344405757720885
2014-08-19,174.02094567146304,0.005205308026120292
2014-08-20,174.4858427310418,0.002667938478140286
2014-08-21,174.99460071803762,0.002911512537673744
2014-08-22,174.72268103766973,-0.0015550832020707617
2014-08-25,175.60861422941016,0.005057698768257346
2014-08-26,175.72265018462997,0.0006491648809836548
2014-08-27,175.65247515682722,-0.0003994308286197068
2014-08-28,175.5559860286388,-0.0005494692826610859
2014-08-29,176.05597761944628,0.002843998381782953
2014-09-02,175.96825576461217,-0.0004983853287976459
2014-09-03,175.87176663642376,-0.0005484829721691398
2014-09-04,175.6173946602532,-0.0014473960997278823
2014-09-05,176.40683872380524,0.004485176372019062
2014-09-08,175.95070806041485,-0.0025890231234821925
2014-09-09,174.83671699288954,-0.0063513953628238085
2014-09-10,175.49459143167914,0.0037557317674696833
2014-09-11,175.69633608424428,0.0011489173492273963
2014-09-12,174.67005371406432,-0.005858354769497254
2014-09-15,174.53847093181312,-0.000753605821118164
2014-09-16,175.85421980939236,0.007510174136952763
2014-09-17,176.0910581160203,0.0013458816312272859
2014-09-18,177.0296317888549,0.005315892893883678
2014-09-19,176.87102264749234,-0.0008963484525601473
2014-09-22,175.50505045110668,-0.00775296135500092
2014-09-23,174.50040275822647,-0.005740770281155605
2014-09-24,175.86637495461213,0.007797423752335497
2014-09-25,173.028681605434,-0.016267103079235845
2014-09-26,174.403462102257,0.007913992398624892
2014-09-29,174.08620377651764,-0.001820762246057761
2014-09-30,173.62795271737363,-0.002635793314079038
2014-10-01,171.2749617667721,-0.013644578559670606
2014-10-02,171.3013990058738,0.00015434362776556299
2014-10-03,173.18731737783378,0.010949195856474248
2014-10-06,172.98461542766796,-0.0011711057663745805
2014-10-07,170.3143670325977,-0.015556715188955295
2014-10-08,173.29306545296993,0.017338234033009492
2014-10-09,169.85611509218302,-0.020032484367464853
2014-10-10,167.91730902295944,-0.011480046823884926
2014-10-13,165.1589414914173,-0.016563358023772956
2014-10-14,165.4145038194557,0.0015461760923454193
2014-10-15,164.29528653194168,-0.006789131649747482
2014-10-16,164.1542929172664,-0.0008585404406495911
2014-10-17,166.09308576742978,0.011741592815305957
2014-10-20,167.7058128726871,0.009662941732265118
2014-10-21,171.02820685790044,0.019617164726776437
2014-10-22,169.81204891441698,-0.007136264476286236
2014-10-23,171.7860873041195,0.01155779353055042
2014-10-24,173.1079933227391,0.0076656142623532375
2014-10-27,172.87005993336504,-0.0013754249707167432
2014-10-28,174.85291896129448,0.011404943827289848
2014-10-29,174.58853511375852,-0.0015131799327168238
2014-10-30,175.70775240127253,0.0063901396383627684
2014-10-31,177.71704866830362,0.01137055412813659
2014-11-03,177.81398844300242,0.0005453238507033831
2014-11-04,177.19710161145863,-0.0034753136998366685
2014-11-05,178.31630567991246,0.006296290057735909
2014-11-06,179.03013316742567,0.003995161889871035
2014-11-07,179.1975763589922,0.000934842276619996
2014-11-10,179.76158959360322,0.0031424950370775306
2014-11-11,179.93784108560712,0.0009799932447869253
2014-11-12,179.74397387399907,-0.001077992949984008
2014-11-13,179.94666172383404,0.0011270122223328016
2014-11-14,179.99072790160005,0.00024485468448887104
2014-11-17,180.10528427717364,0.000636254640783207
2014-11-18,181.14519072865318,0.005757275883862434
2014-11-19,180.85436964201548,-0.0016067486319943924
2014-11-20,181.1716279677549,0.001752683006466249
2014-11-21,182.14101778330647,0.0053364072368520254
2014-11-24,182.6521565397141,0.002802350081582361
2014-11-25,182.5199712254762,-0.0007239617153711464
2014-11-26,182.9870429228471,0.002555748226588328
2014-11-28,182.59928206151065,-0.002121310236437246
2014-12-01,181.33025052109448,-0.006974079157464175
2014-12-02,182.50234140554122,0.006443045319121765
2014-12-03,183.20736059261702,0.003855626780565835
2014-12-04,183.00467274278208,-0.0011069427112229135
2014-12-05,183.30430124858648,0.0016359335637545769
2014-12-08,182.07933588593633,-0.00670511663656459
2014-12-09,181.95595799086516,-0.0006778348246472277
2014-12-10,179.03895468692323,-0.0161612626181471
2014-12-11,179.94666172383404,0.005057077107783137
2014-12-12,177.03846583905883,-0.016293453133532587
2014-12-15,175.82230877684609,-0.0068931542706405224
2014-12-16,174.4122836217546,-0.008051933211473461
2014-12-17,177.83160416260654,0.019415115874167554
2014-12-18,182.22915013883852,0.024427903334226286
2014-12-19,183.0002663893867,0.004222646706149469
2014-12-22,183.84207202904335,0.004589476344989407
2014-12-23,184.0901830623395,0.001348678010535842
2014-12-24,184.10790888675336,9.62841731944053e-05
2014-12-26,184.70160349311388,0.003219521727348962
2014-12-29,184.94971452641002,0.0013424059834798996
2014-12-30,183.9572712793395,-0.005380465426113368
2014-12-31,182.13186492419726,-0.009972552053172379
2015-01-02,182.03439238442897,-0.0005353189107433209
2015-01-05,178.7469165411567,-0.018224707063660972
2015-01-06,177.06330526184337,-0.009463605829490795
2015-01-07,179.26972114157178,0.012384168267103313
2015-01-08,182.45086684955282,0.01758942028988031
2015-01-09,180.98878406971284,-0.0080458511532715
2015-01-12,179.57099635639952,-0.00786441027349305
2015-01-13,179.0659184665123,-0.0028166549673676045
2015-01-14,177.98485850296845,-0.006055515555466684
2015-01-15,176.3544114051867,-0.009202810658286431
2015-01-16,178.66716982580232,0.013029017162383028
2015-01-20,179.04819264209846,0.0021303136536543477
2015-01-21,179.95203246440565,0.00503532682599328
2015-01-22,182.6281002824995,0.014761517080965625
2015-01-23,181.62678703431004,-0.005497885163695315
2015-01-26,182.05211820884284,0.002339048882526562
2015-01-27,179.6507563634639,-0.013278286110943505
2015-01-28,177.34685465225724,-0.01290727795057478
2015-01-29,178.9861708650439,0.009201099313192351
2015-01-30,176.73543422148285,-0.012654652668948607
2015-02-02,178.92413668239337,0.012308006137883964
2015-02-03,181.51158778401393,0.014357597618977813
2015-02-04,180.82042063788512,-0.0038151086207927065
2015-02-05,182.64581281520336,0.0100444407561886
2015-02-06,182.14073492531617,-0.0027691712634325683
2015-02-09,181.3255118194823,-0.00448583316979434
2015-02-10,183.25723413209178,0.010596992924790882
2015-02-11,183.36356338126896,0.0005800503019992576
2015-02-12,185.12693466764668,0.009570855999183614
2015-02-13,185.88899359194897,0.0041079637715037975
2015-02-17,186.18141298348175,0.001571850093809779
2015-02-18,186.19913880789562,9.520274000340834e-05
2015-02-19,186.06621373318563,-0.0007141415630114167
2015-02-20,187.1827253455572,0.0059826824711306514
2015-02-23,187.1561436978484,-0.00014201917007206077
2015-02-24,187.68780412155843,0.0028367046250625805
2015-02-25,187.5283098047356,-0.0008501464649803836
2015-02-26,187.3067813052623,-0.001182005263218322
2015-02-27,186.66877834066506,-0.0034120068389453806
2015-03-02,187.8473108439772,0.006293648937840679
2015-03-03,187.07638280467003,-0.00411245882232425
2015-03-04,186.28774223265896,-0.004224518061600513
2015-03-05,186.4915581994284,0.0010934941228883943
2015-03-06,183.86865456286617,-0.014164304902389624
2015-03-09,184.63071348716844,0.004136018005623576
2015-03-10,181.635643743719,-0.016354963787058807
2015-03-11,181.21031256918616,-0.0023444184064613793
2015-03-12,183.51421428039282,0.012633821890192465
2015-03-13,182.3888459586123,-0.006151202285383128
2015-03-16,184.82565945281897,0.01327207519404805
2015-03-17,184.27627320469506,-0.0029768831058802903
2015-03-18,186.4915581994284,0.011949857397309138
2015-03-19,185.64088255865283,-0.004571905210950078
2015-03-20,187.27222197323044,0.00874922227818864
2015-03-23,186.9073041526029,-0.0019504965442553868
2015-03-24,185.8570693404651,-0.005634860333810998
2015-03-25,183.13355222810978,-0.014762253634558853
2015-03-26,182.69744319540007,-0.0023842115334815617
2015-03-27,183.115760432824,0.002287054789784193
2015-03-30,185.34974328466456,0.012126021041551027
2015-03-31,183.72987375176518,-0.008777943074254502
2015-04-01,183.0801519212786,-0.003542555898132349
2015-04-02,183.738782109895,0.003591040894005637
2015-04-06,184.97593045642893,0.00671062448566051
2015-04-07,184.4864086564011,-0.002649916024768828
2015-04-08,185.1094303334721,0.003371370570005361
2015-04-09,185.92826055254724,0.004413737841175269
2015-04-10,186.9428993136266,0.005442315602029346
2015-04-13,186.09736894113584,-0.004533193289859128
2015-04-14,186.45339086412048,0.0019112672407270992
2015-04-15,187.29001287848143,0.004476993591771894
2015-04-16,187.23661257165026,-0.0002851616070227436
2015-04-17,185.08273018005647,-0.011570209615913818
2015-04-20,186.77380427555974,0.00909536660907495
2015-04-21,186.55129558014,-0.0011920372986100602
2015-04-22,187.46803051523463,0.0049020823627348165
2015-04-23,187.93974805948974,0.002513095462821191
2015-04-24,188.37585620216467,0.002317779719846591
2015-04-27,187.59263449463492,-0.004166428091254559
2015-04-28,188.18895601829033,0.0031737692279927288
2015-04-29,187.41463020840345,-0.004123107101440482
2015-04-30,185.53665681906062,-0.010070962762782187
2015-05-01,187.54813008544662,0.010783032849846386
2015-05-04,188.08215629466275,0.002843362680627237
2015-05-05,185.92826055254724,-0.011517965580589262
2015-05-06,185.1628297502685,-0.0041253045831473045
2015-05-07,185.90156039913165,0.0039816896713942285
2015-05-08,188.34915604874908,0.013080164919868409
2015-05-11,187.4502262594619,-0.004784103147254193
2015-05-12,186.8894998968302,-0.002995817664142919
2015-05-13,186.92510840837562,0.00019051428629079936
2015-05-14,188.8742872503571,0.010373600085498147
2015-05-15,189.07899079996938,0.001083221559470715
2015-05-18,189.6664173160167,0.003101962291744975
2015-05-19,189.6041086510557,-0.0003285710924290086
2015-05-20,189.47060877401253,-0.0007043460110924826
2015-05-21,190.02242588847963,0.002908182511834667
2015-05-22,189.5685125999972,-0.0023915929428897087
2015-05-26,187.5303258296739,-0.010809933153899998
2015-05-27,189.31039539303202,0.009447401529929067
2015-05-28,189.09679594577688,-0.0011289398025731145
2015-05-29,187.92194291368224,-0.0062323524738907565
2015-06-01,188.3046649900825,0.002034530255847322
2015-06-02,188.11775234572121,-0.000993100575922945
2015-06-03,188.61616915335713,0.0026459900210111797
2015-06-04,187.0230131243951,-0.008482424925917442
2015-06-05,186.70259971295584,-0.0017146991211713924
2015-06-08,185.55444772431161,-0.006168617289159073
2015-06-09,185.52774757089603,-0.00014390425517696315
2015-06-10,187.75283452509368,0.011921934414102608
2015-06-11,188.3580652969137,0.003218366149534191
2015-06-12,186.9162000502458,-0.00768436567555586
2015-06-15,186.11517408694334,-0.00429469074206601
2015-06-16,187.12981284802268,0.005436864772176975
2015-06-17,187.43242111365444,0.001615797344375558
2015-06-18,189.38159995563592,0.010345667191097085
2015-06-19,188.54496637082283,-0.004427500080974589
2015-06-22,189.51090135567802,0.005110022984511353
2015-06-23,189.64505350194304,0.0007076357374549147
2015-06-24,188.26770930028758,-0.007289249984530066
2015-06-25,187.69530480772474,-0.0030450066275893306
2015-06-26,187.6595348373411,-0.00019059282957822887
2015-06-29,183.72423975263493,-0.021193399663760104
2015-06-30,184.1088317770568,0.002091123361842584
2015-07-01,185.58455904897707,0.007983562307401826
2015-07-02,185.41462441096056,-0.0009160917731199092
2015-07-06,184.88694087801974,-0.0028500224659344653
2015-07-07,186.04964200340456,0.006269022722208639
2015-07-08,182.92823940579623,-0.016919589053090434
2015-07-09,183.25915679820744,0.0018073668614606575
2015-07-10,185.56666780310132,0.01251290424195517
2015-07-13,187.61481298333567,0.010976781274969483
2015-07-14,188.42869205468227,0.004328649910241289
2015-07-15,188.3660923705524,-0.0003322746879383942
2015-07-16,189.87760213422413,0.007992296138652044
2015-07-17,190.03858488861883,0.0008474646226108717
2015-07-20,190.13696706450023,0.0005175618346422439
2015-07-21,189.38568857166695,-0.003959075765245679
2015-07-22,189.04581840125053,-0.0017962048906206007
2015-07-23,187.98150034613053,-0.005645855508880082
2015-07-24,186.0317507575288,-0.010426193431345432
2015-07-27,184.94954056214965,-0.005834327986415033
2015-07-28,187.2212824910433,0.01220821194581756
2015-07-29,188.50919640043918,0.006855546866267659
2015-07-30,188.55391825444462,0.00023721150373567923
2015-07-31,188.26770930028758,-0.0015190689082880127
2015-08-03,187.63269081346016,-0.003378656105251565
2015-08-04,187.26600434504874,-0.001956190245948619
2015-08-05,187.883130691617,0.003290035058578944
2015-08-06,186.34479031981553,-0.008221455163656799
2015-08-07,185.98702890352337,-0.001921734903782557
2015-08-10,188.33032240016874,0.012520520891166065
2015-08-11,186.63098585822132,-0.0090641254927597
2015-08-12,186.85458171249718,0.0011973468342736382
2015-08-13,186.6220473903508,-0.0012452417852903963
2015-08-14,187.30177342104895,0.003635643099364927
2015-08-17,188.34820023029323,0.005571300888302488
2015-08-18,187.8026263458601,-0.0029008271600705626
2015-08-19,186.31795971168586,-0.007936876415007177
2015-08-20,182.4273864809851,-0.02110246351319489
2015-08-21,176.935873194353,-0.030564842959468486
2015-08-24,169.485657541114,-0.04301906162721014
2015-08-25,167.49118609850683,-0.01183757739052993
2015-08-26,173.9218055506313,0.037675075246679235
2015-08-27,178.2237871037489,0.024434186739129338
2015-08-28,178.23272646600284,5.015681810061068e-05
2015-08-31,176.79276827008277,-0.008111902459895681
2015-09-01,171.51591147547262,-0.03030220533222039
2015-09-02,174.77146711372936,0.018803177697889417
2015-09-03,174.89667989774043,0.000716180701234137
2015-09-04,172.24929872243015,-0.015252560376257662
2015-09-08,176.57811177806084,0.024820499513921845
2015-09-09,174.21693955690762,-0.013462036428164126
2015-09-10,175.16499760602176,0.00542707149516275
2015-09-11,175.96099795286042,0.0045339947513332035
2015-09-14,175.3080891145407,-0.0037174326705828875
2015-09-15,177.49933921904528,0.012421950929405234
2015-09-16,179.0376661750955,0.00862932306465769
2015-09-17,178.63519632054917,-0.00225049237230035
2015-09-18,175.7311342595975,-0.016390536146686507
2015-09-21,176.63924480264106,0.005154306987615875
2015-09-22,174.34651046427535,-0.013064729354733018
2015-09-23,174.06778802378227,-0.0015999486884412661
2015-09-24,173.43839992123176,-0.0036223170267275506
2015-09-25,173.39345518818394,-0.0002591730409839954
2015-09-28,169.041750732241,-0.02541758945613637
2015-09-29,169.1406528814621,0.0005849041877041827
2015-09-30,172.29653954316686,0.01848642507428444
2015-10-01,172.74609476689906,0.002605796695303475
2015-10-02,175.32653725556983,0.01482730629609108
2015-10-05,178.44645140738194,0.017638401678965465
2015-10-06,177.83504911022254,-0.003432133840465923
2015-10-07,179.2916179253299,0.008157200378528628
2015-10-08,180.91001942809726,0.00898614678850329
2015-10-09,181.01790818624076,0.0005961892029189286
2015-10-12,181.1887409694799,0.0009432891213041472
2015-10-13,180.04686710475826,-0.0063220659450324845
2015-10-14,179.18371478141924,-0.004805570727902442
2015-10-15,181.9350044390963,0.01523788575290208
2015-10-16,182.7621842525427,0.004536263275662478
2015-10-19,182.8520872052951,0.0004917912761221999
2015-10-20,182.61832388361705,-0.0012792463984183655
2015-10-21,181.48544921536407,-0.006222832102841913
2015-10-22,184.55140595100298,0.0167525668342261
2015-10-23,186.574404457798,0.01090206332716015
2015-10-26,186.11586262514336,-0.0024607139200094608
2015-10-27,185.75622384082027,-0.0019342075382056123
2015-10-28,187.8691253003677,0.011310388809258498
2015-10-29,187.76123654222422,-0.0005744411105697012
2015-10-30,186.95202904751218,-0.004319082493025483
2015-11-02,189.16384614293742,0.011761495531024124
2015-11-03,189.7123044150012,0.002895187012215139
2015-11-04,189.13687462773441,-0.0030377800011676115
2015-11-05,188.94805513999373,-0.0009988205748081569
2015-11-06,188.8491520916622,-0.0005235774574181562
2015-11-09,187.0869037066259,-0.009375324690588549
2015-11-10,187.51847312496702,0.0023041292835959126
2015-11-11,186.7812088518193,-0.003939438167467557
2015-11-12,184.17378046217834,-0.014058154801299239
2015-11-13,182.10582373567874,-0.011291803723849192
2015-11-16,184.87508571209017,0.015092417454807716
2015-11-17,184.74022453963318,-0.0007297380530575381
2015-11-18,187.6713201028151,0.015741488849488228
2015-11-19,187.50948651604463,-0.0008626965663083297
2015-11-20,188.19280596056538,0.003637562036055364
2015-11-23,187.97702754516794,-0.0011472394639033823
2015-11-24,188.22877757134754,0.0013383635251447146
2015-11-25,188.20180515703404,-0.00014330617966340498
2015-11-27,188.41758357243148,0.001145870050585529
2015-11-30,187.63536107957918,-0.004160178145880877
2015-12-01,189.42458277803945,0.009490454539110793
2015-12-02,187.49150071065353,-0.010257450404411728
2015-12-03,184.86610000227822,-0.014101735590943854
2015-12-04,188.471527501948,0.019315168495258384
2015-12-07,187.32966712388307,-0.006076957223187129
2015-12-08,186.0709044054388,-0.00674218296767215
2015-12-09,184.62333568591058,-0.007810081307554562
2015-12-10,185.09986332395627,0.0025777549431138524
2015-12-11,181.51242162967756,-0.019571391094795665
2015-12-14,182.4295043958764,0.005039731021301286
2015-12-15,184.34461414452792,0.010443087757069591
2015-12-16,187.04194548692132,0.014525990245672027
2015-12-17,184.19176716667988,-0.015355471373522
2015-12-18,180.92979716061012,-0.017868332707417167
2015-12-21,182.4223132778292,0.008215306688189372
2015-12-22,184.0776571636513,0.009033316648090484
2015-12-23,186.3571482317743,0.01230726598848797
2015-12-24,186.04958838759802,-0.0016517419469543881
2015-12-28,185.62445855084266,-0.0022876497601131973
2015-12-29,187.60542993255694,0.010615387701752077
2015-12-30,186.2757280155632,-0.007112995640699005
2015-12-31,184.4123392902472,-0.010053759941508922
2016-01-04,181.83435567247082,-0.014078085788503003
2016-01-05,182.14190285282794,0.0016899302981787656
2016-01-06,179.84432966005284,-0.012694427801565489
2016-01-07,175.52958194024328,-0.024284054716876113
2016-01-08,173.60286778718742,-0.011037265164418386
2016-01-11,173.77473661811652,0.0009895217352724472
2016-01-12,175.1768050251761,0.00803593499243771
2016-01-13,170.80778560377195,-0.02525691485311654
2016-01-14,173.61190884951347,0.01628353576113195
2016-01-15,169.88513230344,-0.021699882902369794
2016-01-19,170.11127193140516,0.0013302473702410111
2016-01-20,167.93128229958683,-0.012897901909817655
2016-01-21,168.87203038839004,0.005586349657973777
2016-01-22,172.33649129793355,0.02030769896564788
2016-01-25,169.73135826098218,-0.01523196879692712
2016-01-26,172.04702624222853,0.013550906207515645
2016-01-27,170.174597359145,-0.010942894538013448
2016-01-28,171.06106108253442,0.005195621826703523
2016-01-29,175.23107582221223,0.02408496107000868
2016-02-01,175.1677503944724,-0.0003614477200910571
2016-02-02,172.01085023366366,-0.01818653089017097
2016-02-03,173.04204603262636,0.00597704804152599
2016-02-04,173.3134162998601,0.0015670047236175932
2016-02-05,170.01176959054197,-0.019233942803504434
2016-02-08,167.72323746009292,-0.013552442655981878
2016-02-09,167.73227852241897,5.390319668308052e-05
2016-02-10,167.5875591106649,-0.0008631724371630511
2016-02-11,165.4075703834051,-0.0130934039470878
2016-02-12,168.81775959135396,0.020407235781068955
2016-02-16,171.66711347636408,0.016737427290339113
2016-02-17,174.4712502904833,0.016202758519415106
2016-02-18,173.75664092508674,-0.004104268420520363
2016-02-19,173.6752342772533,-0.00046861934746633693
2016-02-22,176.18990603566755,0.014375339371273554
2016-02-23,173.96469933295833,-0.012710023654542546
2016-02-24,174.76070177781062,0.0045652185059541495
2016-02-25,176.8773650773306,0.012039020028755232
2016-02-26,176.47031646066884,-0.002303956233409288
2016-02-29,175.086343746639,-0.00787343845340871
2016-03-01,179.2020876892807,0.02323490544153195
2016-03-02,180.00714386027818,0.004482387690556422
2016-03-03,180.71269859497102,0.003911931374005029
2016-03-04,181.30065620032937,0.003248267582085518
2016-03-07,181.44538827590264,0.0007979802148492254
2016-03-08,179.46440332581068,-0.010977839286596236
2016-03-09,180.35088061757781,0.0049274120634628105
2016-03-10,180.49559912477338,0.0008021057323759351
2016-03-11,183.40827934208184,0.016008306539776918
2016-03-14,183.1730986517906,-0.0012831023978581158
2016-03-15,182.87459253375954,-0.0016309688130231592
2016-03-16,183.93292418351956,0.005770517441957779
2016-03-17,185.09981280484647,0.00632405959355431
2016-03-18,185.823459614335,0.003901872874528145
2016-03-21,186.0871228945269,0.001417885571233235
2016-03-22,185.98711027070115,-0.0005375950136805585
2016-03-23,184.75969079750845,-0.006621359666874049
2016-03-24,184.67785137663748,-0.00044304875854273007
2016-03-28,184.78696514923143,0.0005906585465549341
2016-03-29,186.49626271892447,0.009207578029342578
2016-03-30,187.31455600580466,0.004378121514807987
2016-03-31,186.85995317023293,-0.0024298986066835226
2016-04-01,188.13283565459977,0.00678886320528882
2016-04-04,187.52366967334498,-0.0032432102549524444
2016-04-05,185.65070780920072,-0.010038082485048783
2016-04-06,187.67823281902804,0.010861975719061334
2016-04-07,185.43249390209795,-0.012038067394723129
2016-04-08,185.9325597488439,0.00269312442877645
2016-04-11,185.49614466351767,-0.0023499276225633636
2016-04-12,187.22362998345628,0.009269686275013456
2016-04-13,189.11477959784608,0.010050345566011032
2016-04-14,189.12386710852917,4.805173011313002e-05
2016-04-15,188.91475344098885,-0.001106308601827699
2016-04-18,190.24219917609238,0.007002119568811693
2016-04-19,190.8422649177847,0.0031492558431311934
2016-04-20,191.02411696248146,0.0009524381672383342
2016-04-21,189.99671000806094,-0.005392930631401782
2016-04-22,189.99671000806094,0.0
2016-04-25,189.66939596644931,-0.0017242209275529774
2016-04-26,189.95124699688677,0.0014849091452262542
2016-04-27,190.34221270912383,0.0020561271302348416
2016-04-28,188.61471375110014,-0.009117188807730159
2016-04-29,187.59640794544782,-0.0054134938272119015
2016-05-02,189.08750433691745,0.007917004847866949
2016-05-03,187.44184479976474,-0.008741257591700524
2016-05-04,186.3962500950987,-0.005593851699085661
2016-05-05,186.359887323487,-0.00019510220263008193
2016-05-06,187.0417915768446,0.003652393922892294
2016-05-09,187.19635472252764,0.0008260149639989223
2016-05-10,189.52391942224364,0.012357149203174878
2016-05-11,187.75097109113085,-0.009398777533777825
2016-05-12,187.80552161298812,0.0002905050148278576
2016-05-13,186.16894867731284,-0.008752380245365288
2016-05-16,188.00554776984538,0.009816884151939043
2016-05-17,186.25078718897814,-0.009377388039885304
2016-05-18,186.30533771083537,0.0002928445869025964
2016-05-19,185.6597953198838,-0.003470986830420131
2016-05-20,186.8326779093043,0.006297504244776597
2016-05-23,186.57810213979545,-0.0013635161197926848
2016-05-24,188.99657831456906,0.012878981089833985
2016-05-25,190.2785619477041,0.0067602032366425036
2016-05-26,190.3331115603557,0.0002866418285192296
2016-05-27,191.15140484723585,0.0042900537595231825
2016-05-31,190.78771439592745,-0.0019044425821137523
2016-06-01,191.1786801081645,0.0020471217070285874
2016-06-02,191.76057173769632,0.003039082959454653
2016-06-03,191.18776761884757,-0.00299154996727502
2016-06-06,192.16062405141082,0.00507558420604326
2016-06-07,192.46065010321445,0.0015601118961354743
2016-06-08,193.08800383471478,0.0032543456125297965
2016-06-09,192.82434055452288,-0.001366441499218496
2016-06-10,190.99684170155282,-0.009522729581359357
2016-06-13,189.52391942224364,-0.007741651894948909
2016-06-14,189.15114146025215,-0.0019688546773695137
2016-06-15,188.8874781800602,-0.0013949015219383298
2016-06-16,189.45118115014083,0.0029798878507740767
2016-06-17,188.7496826053644,-0.0037096655057311523
2016-06-20,189.96524260198586,0.006419415185584754
2016-06-21,190.50447151725564,0.0028345450704838626
2016-06-22,190.19373097956375,-0.0016324774042209
2016-06-23,192.6705376808801,0.012938482153120212
2016-06-24,185.7519160054959,-0.03656967305801295
2016-06-27,182.4251261419152,-0.018072177389504063
2016-06-28,185.71535055345535,0.017875307003063945
2016-06-29,188.87763609680803,0.016884249201124746
2016-06-30,191.45497768425864,0.013553300174712568
2016-07-01,191.85711905670277,0.0020982459119007757
2016-07-05,190.47705473985332,-0.00721918366244978
2016-07-06,191.6194966277428,0.005979877537098943
2016-07-07,191.50067810163475,-0.0006202676745044045
2016-07-08,194.35220848403938,0.014780671055834915
2016-07-11,195.03767361677308,0.003520717267173623
2016-07-12,196.45430429961658,0.0072371182341175455
2016-07-13,196.42688660826073,-0.00013957243072404424
2016-07-14,197.5236280787741,0.00556792928573735
2016-07-15,197.25858795845835,-0.0013427158031378283
2016-07-18,197.78868282234606,0.002683705071533815
2016-07-19,197.5876112221705,-0.00101711519147063
2016-07-20,198.4101638977299,0.0041543357576312445
2016-07-21,197.66072933090246,-0.003784350095130229
2016-07-22,198.5472651498582,0.004475110602667698
2016-07-25,198.00802252528575,-0.0027196356911840525
2016-07-26,198.09942336003797,0.0004614951691719327
2016-07-27,197.88921770848034,-0.001061675257830963
2016-07-28,198.11770608605823,0.0011539616567493027
2016-07-29,198.4375815890857,0.0016132709982485949
2016-08-01,198.2730763549042,-0.0008293462266077967
2016-08-02,197.0026818895246,-0.006427911720182422
2016-08-03,197.5784634614858,0.002918446496604332
2016-08-04,197.78868282234606,0.0010634135013329882
2016-08-05,199.40637048210897,0.008145602977044142
2016-08-08,199.2875656653036,-0.0005959700389217559
2016-08-09,199.40637048210897,0.0005959700389217559
2016-08-10,198.91284107026178,-0.0024780610630283917
2016-08-11,199.83592954590893,0.0046299333948320864
2016-08-12,199.66229026034537,-0.0008692869599373765
2016-08-15,200.2380709183531,0.0028796225849152535
2016-08-16,199.20531350518957,-0.005170994211909807
2016-08-17,199.58002347697519,0.0018792570704766476
2016-08-18,200.02786618074896,0.002241411658070014
2016-08-19,199.73539374582117,-0.0014632284475784019
2016-08-22,199.7262596944391,-4.5731805819571036e-05
2016-08-23,200.1284010668832,0.0020114383924560997
2016-08-24,199.1047777051018,-0.00512795859314874
2016-08-25,198.96767645297345,-0.0006888256452679542
2016-08-26,198.59295185793167,-0.0018851197997378222
2016-08-29,199.57088942559315,0.004912246832818212
2016-08-30,199.24186524792748,-0.001650018704061118
2016-08-31,198.67521864130185,-0.0028480656528522275
2016-09-01,198.6843526926839,4.59737328233345e-05
2016-09-02,199.58002347697519,0.004497878032298175
2016-09-06,200.18323644959492,0.0030178532691618187
2016-09-07,200.16495372357463,-9.133412605244473e-05
2016-09-08,199.70797696841882,-0.0022856108479398785
2016-09-09,194.92800376530323,-0.0242259054548013
2016-09-12,197.7246987649962,0.01424537397100245
2016-09-13,194.88230334792712,-0.014479849133672396
2016-09-14,194.80918523919516,-0.0003752615170284912
2016-09-15,196.75591078592643,0.00994338671150885
2016-09-16,195.99921760032007,-0.0038532615727930875
2016-09-19,196.0359694064818,0.0001874923858240507
2016-09-20,196.04514977966736,4.682894808194504e-05
2016-09-21,198.24977037889326,0.011182713552797097
2016-09-22,199.49903784008146,0.006281711187401839
2016-09-23,198.40592858189467,-0.005494337092042834
2016-09-26,196.79839875652928,-0.008135228184207755
2016-09-27,198.02012326098392,0.006188809976218401
2016-09-28,199.0030055769281,0.004951269850565154
2016-09-29,197.20256666098808,-0.009088470406000582
2016-09-30,198.6906891709253,0.007517832126681334
2016-10-03,198.21301949132,-0.002406981339794001
2016-10-04,197.20256666098808,-0.005110850786887333
2016-10-05,198.07523673210522,0.004415484408485604
2016-10-06,198.21301949132,0.0006953663784017294
2016-10-07,197.53325851077753,-0.003435340706143819
2016-10-10,198.56208770348454,0.005194867933998815
2016-10-11,196.05433107144137,-0.012710015458861967
2016-10-12,196.31154870373842,0.0013111112989294682
2016-10-13,195.66852575053065,-0.0032808990656505443
2016-10-14,195.76957048241073,0.0005162743999465036
2016-10-17,195.08982419928384,-0.0034782173726570775
2016-10-18,196.31154870373842,0.006242842038361118
2016-10-19,196.83513678386396,0.0026635777892014545
2016-10-20,196.46770690673986,-0.0018684328878428857
2016-10-21,196.55955748660733,0.0004674005589988539
2016-10-24,197.39547575156274,0.004243730623801234
2016-10-25,196.73409113339537,-0.0033561817968230656
2016-10-26,196.3391045207106,-0.002009736354445124
2016-10-27,195.81550266175802,-0.002670386426737892
2016-10-28,195.23678733168416,-0.00295978705334754
2016-10-31,195.24598240228522,4.7095909553540594e-05
2016-11-01,193.83134880725592,-0.007271766896719711
2016-11-02,192.6647506341612,-0.0060368097771084095
2016-11-03,191.7829001898585,-0.004587631054875807
2016-11-04,191.5716285157358,-0.0011022261624278329
2016-11-07,195.7971272179714,0.021817280034034603
2016-11-08,196.67897858086258,0.004493791259553959
2016-11-09,198.76417808583324,0.010546238045341383
2016-11-10,199.2602094303981,0.0024924683859470775
2016-11-11,198.80091519457943,-0.002307657850658451
2016-11-14,198.95707339758084,0.0007851920791193123
2016-11-15,200.50949067041338,0.007772490755427519
2016-11-16,200.13286572268817,-0.0018801060479818332
2016-11-17,201.16169399680672,0.005127557816813955
2016-11-18,200.71158105276209,-0.0022400749699462708
2016-11-21,202.22724651943287,0.007523090411972966
2016-11-22,202.6222469109447,0.001951344997388027
2016-11-23,202.73247293459883,0.0005438497245719986
2016-11-25,203.48572191146076,0.003708597250188461
2016-11-28,202.53038255225016,-0.004705927236708263
2016-11-29,202.92538294376197,0.0019484271779566242
2016-11-30,202.43853197238266,-0.0024020451132997778
2016-12-01,201.69447714753335,-0.003682231585976581
2016-12-02,201.79550901917486,0.0005007899933922033
2016-12-05,203.00805223185546,0.005990791362622261
2016-12-06,203.65106140623618,0.0031624015727134136
2016-12-07,206.31497624128076,0.012995965928034536
2016-12-08,206.82018887761964,0.0024457510801783044
2016-12-09,208.06947011763492,0.006022251886116159
2016-12-12,207.83064170795157,-0.001148489404759978
2016-12-13,209.21770570718164,0.006651838436813939
2016-12-14,207.4907685663881,-0.0082885140765665
2016-12-15,208.34504941489155,0.0041087468341087785
2016-12-16,207.9398830047641,-0.0019465827682498826
2016-12-19,208.39265492744912,0.002175050277998025
2016-12-20,209.19654163266569,0.003850136473243282
2016-12-21,208.61442267172984,-0.0027865201602335077
2016-12-22,208.25405851889246,-0.001728910958069818
2016-12-23,208.55898466271498,0.001463131747954094
2016-12-27,209.0764291805124,0.0024779736843196787
2016-12-28,207.34851559753542,-0.00829884723065799
2016-12-29,207.3023260348134,-0.00022278774465434026
2016-12-30,206.54462889231888,-0.003661730405845276
2017-01-03,208.12469669643335,0.007620893824888064
2017-01-04,209.36287136793155,0.005931569687285254
2017-01-05,209.19654163266569,-0.0007947724449861582
2017-01-06,209.94500418906267,0.003571410944154252
2017-01-09,209.25199442588882,-0.0033063709749860948
2017-01-10,209.25199442588882,0.0
2017-01-11,209.84336183311748,0.002822115735162889
2017-01-12,209.31666794501425,-0.002513093462574112
2017-01-13,209.79715841020018,0.002292888687891015
2017-01-17,209.05794522410903,-0.003529688176873158
2017-01-18,209.5199517328916,0.002207506415210503
2017-01-19,208.74378449418893,-0.003711381419948978
2017-01-20,209.510716222781,0.0036673010658443417
2017-01-23,208.9655383782744,-0.0026055392483534945
2017-01-24,210.30536834190005,0.00639125922142636
2017-01-25,212.12567491051635,0.008618295765054462
2017-01-26,211.90390716623565,-0.0010460013823312408
2017-01-27,211.57126155589918,-0.0015710280239469299
2017-01-30,210.25916491898275,-0.006220987326424066
2017-01-31,210.24068096257938,-8.791421255605059e-05
2017-02-01,210.32383843810814,0.0003954564532975269
2017-02-02,210.46244870686007,0.0006588155460383049
2017-02-03,211.9131417523332,0.006869235735458723
2017-02-06,211.53429364309244,-0.001789351776186443
2017-02-07,211.54354208938523,4.371983362450038e-05
2017-02-08,211.82074876669384,0.001309542268495889
2017-02-09,213.0774073945954,0.005915122359300362
2017-02-10,213.9182490764365,0.00393841368624237
2017-02-13,215.0825137946857,0.005427811218030598
2017-02-14,215.94183943293012,0.003987369949529196
2017-02-15,217.0691362383726,0.005206793432940948
2017-02-16,216.88433640689863,-0.0008517034857158379
2017-02-17,217.22621660333266,0.0015750838801036338
2017-02-21,218.51984314404098,0.00593754234729893
2017-02-22,218.3257948662742,-0.0008884066757017806
2017-02-23,218.47363972112365,0.0006769462082072408
2017-02-24,218.75084639843226,0.0012680292309887875
2017-02-27,219.0927275188793,0.0015616590503739758
2017-02-28,218.5013591876376,-0.002702818475903257
2017-03-01,221.55984042775214,0.013900477888584284
2017-03-02,220.16458539129388,-0.006317330874782812
2017-03-03,220.30318179985053,0.0006293146670621752
2017-03-06,219.64714087349645,-0.002982343136486598
2017-03-07,218.9910851629341,-0.0029913316296799053
2017-03-08,218.58451758717942,-0.0018582740454240465
2017-03-09,218.861724264488,0.0012673864255452472
2017-03-10,219.62865599308006,0.0034980585443289414
2017-03-13,219.73953385913583,0.0005047150475174789
2017-03-14,218.89867831709947,-0.0038339412695016506
2017-03-15,220.79290777514703,0.008616226631642299
2017-03-16,220.35862073287842,-0.0019688798723187517
2017-03-17,219.97342095815492,-0.0017495882039568755
2017-03-20,219.73213508791358,-0.0010974884949357389
2017-03-21,216.9108847722514,-0.012922636791827813
2017-03-22,217.42130979000305,0.002350391056071821
2017-03-23,217.1892996838074,-0.001067668957809964
2017-03-24,217.03153466767523,-0.0007266580071396689
2017-03-27,216.80879939748488,-0.0010268076629627032
2017-03-28,218.38647925610024,0.007250477417710677
2017-03-29,218.59063515698645,0.0009344009514755669
2017-03-30,219.2866654755733,0.0031791138924042173
2017-03-31,218.77625437842804,-0.0023303105786318667
2017-04-03,218.39575502014594,-0.0017407310906580875
2017-04-04,218.53495551562077,0.0006371742559068139
2017-04-05,217.88533000239428,-0.0029770659824102097
2017-04-06,218.497839466872,0.002807211228881279
2017-04-07,218.27510512472207,-0.0010199091505809221
2017-04-10,218.40502985615123,0.0005950567697272646
2017-04-11,218.14518039329297,-0.0011904678428544813
2017-04-12,217.1892996838074,-0.004391484200867879
2017-04-13,215.77867452597633,-0.006516094644663184
2017-04-17,217.69044893751337,0.008820867295658452
2017-04-18,217.0408095036805,-0.0029886966017906857
2017-04-19,216.641758617307,-0.0018402907025913962
2017-04-20,218.40502985615123,0.008106166697109174
2017-04-21,217.70899953756435,-0.0031919675252005675
2017-04-24,220.10334568958402,0.010937882630137175
2017-04-25,221.384046115986,0.005801769394062184
2017-04-26,221.24483169990478,-0.000629034514687099
2017-04-27,221.4304509213464,0.000838624787095732
2017-04-28,220.9478661882978,-0.00218177476523973
2017-05-01,221.50468209080347,0.0025169532806454953
2017-05-02,221.58821593747857,0.00037704891248058203
2017-05-03,221.31907678996825,-0.0012153296414698644
2017-05-04,221.5789271808669,0.0011734097619964245
2017-05-05,222.45128703624331,0.003929286565776735
2017-05-08,222.41417191553498,-0.0001668599800126458
2017-05-09,222.210001166002,-0.0009183970474149206
2017-05-10,222.6090520523755,0.001794217179047486
2017-05-11,222.15432152463632,-0.0020448207437979704
2017-05-12,221.78309700235948,-0.001672418648710483
2017-05-15,223.00811685935537,0.005508305543012071
2017-05-16,222.8039470378628,-0.0009159457641496616
2017-05-17,218.85049946849148,-0.017903377630483774
2017-05-18,219.73213508791358,0.004020390856756428
2017-05-19,221.16131177383608,0.006483116053901838
2017-05-22,222.28424625606544,0.0050645986285422495
2017-05-23,222.77610675315975,0.0022103101029609107
2017-05-24,223.2958075349571,0.0023301221183960052
2017-05-25,224.36304845521443,0.004768108250019942
2017-05-26,224.31665757046036,-0.0002067884252232588
2017-05-30,224.12176258497308,-0.0008692163249106599
2017-05-31,224.066082015567,-0.0002484697894571397
2017-06-01,225.84791870310897,0.007920829316951483
2017-06-02,226.5996286630615,0.0033228631959234534
2017-06-05,226.43258788288364,-0.0007374344766084562
2017-06-06,225.70871820763412,-0.003201964890000575
2017-06-07,226.12633361466496,0.0018485308931426303
2017-06-08,226.23769382543676,0.0004923477830525158
2017-06-09,225.89432350846934,-0.001518894348629729
2017-06-12,225.84791870310897,-0.00020544815687983942
2017-06-13,226.952288664681,0.004877966632673925
2017-06-14,226.66459798907925,-0.0012684303545063003
2017-06-15,226.22841806139107,-0.0019261946953941234
2017-06-16,226.27770164814913,0.00021782506271783575
2017-06-19,228.16148870140316,0.00829064870899554
2017-06-20,226.62274716761854,-0.0067669337860829515
2017-06-21,226.5667951003607,-0.0002469256782138274
2017-06-22,226.46421195841552,-0.00045287471321042716
2017-06-23,226.73466435805173,0.0011935264885893915
2017-06-26,226.88386365363567,0.000657818372711283
2017-06-27,225.05604358868808,-0.008088818896853311
2017-06-28,227.07038795238512,0.008910594697328023
2017-06-29,225.07469862974656,-0.008827707485593805
2017-06-30,225.4943503249667,0.00186276362097626
2017-07-03,225.876705926553,0.001694196771135914
2017-07-05,226.39893983115277,0.0023093621847403156
2017-07-06,224.32864340019793,-0.009186528926633741
2017-07-07,225.78344377717826,0.0064641918502124085
2017-07-10,226.02590988496462,0.0010733116926324726
2017-07-11,225.85804808779793,-0.0007429420846936097
2017-07-12,227.55531737026124,0.0074866659849206485
2017-07-13,227.93766924158538,0.0016788489498997805
2017-07-14,229.00079395697452,0.004653259549441735
2017-07-17,228.97281699078007,-0.00012217719781482117
2017-07-18,229.094050510956,0.0005293267494677067
2017-07-19,230.33436267891,0.005399383867495722
2017-07-20,230.43694488828962,0.0004452630161200233
2017-07-21,230.23178046953032,-0.0008907243797136033
2017-07-24,230.17582653714143,-0.00024306258981354745
2017-07-25,230.73536586103043,0.002427971409647789
2017-07-26,230.7446915164286,4.041628776985107e-05
2017-07-27,230.5302014422711,-0.0009299881389193132
2017-07-28,230.25975743572477,-0.001173827824972662
2017-07-31,230.12919826015067,-0.0005671690315702804
2017-08-01,230.64210930704894,0.0022263159633757468
2017-08-02,230.75401717182675,0.00048508368644561983
2017-08-03,230.30638571271552,-0.0019417481829098193
2017-08-04,230.72604020563227,0.001820499319469704
2017-08-07,231.1550203539472,0.0018575356657519748
2017-08-08,230.58615537466002,-0.0024640006003453507
2017-08-09,230.5768297192619,-4.044407595937827e-05
2017-08-10,227.32217598530747,-0.014215835825368117
2017-08-11,227.65789957964088,0.0014757729988410517
2017-08-14,229.91470818599322,0.009864344447079176
2017-08-15,229.88673121979878,-0.00012169151216667728
2017-08-16,230.28773440191924,0.0017428315283911644
2017-08-17,226.69735707363142,-0.015713646998854358
2017-08-18,226.34298216850172,-0.001564430125575278
2017-08-21,226.52016962106657,0.0007825209929590571
2017-08-22,228.8888860921967,0.010402682170764344
2017-08-23,228.0682284171595,-0.0035918405963126787
2017-08-24,227.53666605946495,-0.0023334367357854546
2017-08-25,228.0682284171595,0.0023334367357854546
2017-08-28,228.07755407255763,4.0888925240345486e-05
2017-08-29,228.33867242370584,0.0011442116405069314
2017-08-30,229.42044844989127,0.004726407364334939
2017-08-31,230.8006454488175,0.005997991639414835
2017-09-01,231.12704338775274,0.001413199516482777
2017-09-05,229.46707672688203,-0.007207968036535561
2017-09-06,230.25043178032664,0.003407987719111105
2017-09-07,230.2224548141322,-0.00012151406540272802
2017-09-08,229.95201080758582,-0.0011753978453246106
2017-09-11,232.40465817729932,0.010609430078683424
2017-09-12,233.18801323074393,0.0033649833458220257
2017-09-13,233.2999210955217,0.0004797889020915491
2017-09-14,233.2253158523365,-0.00031983368920940336
2017-09-15,233.5373243049924,0.0013369043375970335
2017-09-18,234.03403276793895,0.0021246324963266616
2017-09-19,234.26832921272504,0.001000620468126101
2017-09-20,234.35267593284803,0.0003599784051839805
2017-09-21,233.72476146082127,-0.002682952855747267
2017-09-22,233.77162074977852,0.00020046909835969018
2017-09-25,233.29365600241488,-0.0020466728656494126
2017-09-26,233.43423386928654,0.0006023975604341203
2017-09-27,234.3433040750566,0.0038867678606617773
2017-09-28,234.6244598087999,0.0011990409110413935
2017-09-29,235.44918329444698,0.0035089154388749932
2017-10-02,236.47071579371436,0.00432926899989905
2017-10-03,236.97679611445236,0.0021378526690236654
2017-10-04,237.25795184819566,0.0011857240233528188
2017-10-05,238.66373051691227,0.005907622238185084
2017-10-06,238.39194664096038,-0.0011394221612688327
2017-10-09,237.99832861371974,-0.0016525027367668699
2017-10-10,238.6262430857465,0.002634840386245507
2017-10-11,239.00111739740424,0.0015697358218957902
2017-10-12,238.64498680132937,-0.0014911904815582133
2017-10-13,238.93551439286412,0.0012166645273277155
2017-10-16,239.25415755777323,0.001332706374737036
2017-10-17,239.42285099801921,0.0007048320442155642
2017-10-18,239.65714744280532,0.0009781099784085256
2017-10-19,239.72275044734542,0.00027369944062449747
2017-10-20,240.95983567581604,0.005147213547738616
2017-10-23,240.02264989667165,-0.003896969196564015
2017-10-24,240.44438349728662,0.0017555156945743278
2017-10-25,239.25415755777323,-0.004962401508997516
2017-10-26,239.56342886489088,0.0012918128276666607
2017-10-27,241.52214714330265,0.008142955013660469
2017-10-30,240.62244879532406,-0.003732072908561257
2017-10-31,240.99732310698178,0.0015567234122570994
2017-11-01,241.31596627189091,0.0013213121773132386
2017-11-02,241.40968484980533,0.0003882892026734197
2017-11-03,242.21566461986953,0.0033330780411366945
2017-11-06,242.5905389315273,0.0015464917058620742
2017-11-07,242.42184549128132,-0.0006956253178946881
2017-11-08,242.83420723410484,0.0016995639302885834
2017-11-09,241.95325260170912,-0.003634399299001778
2017-11-10,241.87827773937752,-0.0003099213599364603
2017-11-13,242.10320232637218,0.0009294760748170816
2017-11-14,241.54089085888558,-0.0023253120581081532
2017-11-15,240.33192120378928,-0.00501780619901826
2017-11-16,242.3749862023241,0.008465083748649072
2017-11-17,241.66272501017434,-0.00294300088501398
2017-11-20,242.0750867529979,0.0017048981191027934
2017-11-21,243.6589307197519,0.006521468635607874
2017-11-22,243.4433779905487,-0.0008850409428120543
2017-11-24,244.00568945803533,0.002307160909595929
2017-11-27,243.88385530674657,-0.0004994333456354028
2017-11-28,246.35802576368778,0.01009375803644108
2017-11-29,246.20807603902463,-0.0006088511927497819
2017-11-30,248.36360333105677,0.008716798921057034
2017-12-01,247.84815115252735,-0.0020775499946221743
2017-12-04,247.54825170320115,-0.0012107455130188072
2017-12-05,246.65792521301398,-0.003603060807256142
2017-12-06,246.7047845019712,0.00018995877951599738
2017-12-07,247.48264869866105,0.0031480559270988806
2017-12-08,248.83219622062896,0.005438285241103458
2017-12-11,249.58194484394448,0.0030085389922174244
2017-12-12,250.02242216014233,0.0017633049645597865
2017-12-13,249.99430658676803,-0.00011245853103503123
2017-12-14,248.97277408750065,-0.004094594477505709
2017-12-15,251.03582925870458,0.00825212552266219
2017-12-18,252.6277040530733,0.006321204493509036
2017-12-19,251.65750817248176,-0.0038478109375494896
2017-12-20,251.5256368877411,-0.0005241482710793832
2017-12-21,252.04370264922207,0.0020575754065239593
2017-12-22,251.97776700685176,-0.0002616382305760112
2017-12-26,251.67634692744465,-0.0011969330024461655
2017-12-27,251.7987988347038,0.0004864268304185515
2017-12-28,252.31686459618476,0.00205534555436504
2017-12-29,251.3655074705561,-0.003777611882959775
2018-01-02,253.16460856951718,0.007131818963321379
2018-01-03,254.76590274136746,0.00630519112831518
2018-01-04,255.83971177425522,0.0042060274520840935
2018-01-05,257.5446190984016,0.006641860645850706
2018-01-08,258.0155879724752,0.0018270184495312591
2018-01-09,258.59958937632643,0.002260876870136208
2018-01-10,258.2039755221046,-0.001531003105891493
2018-01-11,260.08785101839896,0.007269587117652243
2018-01-12,261.78333896506393,0.006497748657520397
2018-01-16,260.8884981043241,-0.003424105419774115
2018-01-17,263.37521375943265,0.00948657802618147
2018-01-18,262.93250301780347,-0.0016823270187042993
2018-01-19,264.1287639579504,0.004539369782103897
2018-01-22,266.27638202372594,0.00809807302417287
2018-01-23,266.84154467261425,0.002120217056313045
2018-01-24,266.73793152031806,-0.0003883700862630235
2018-01-25,266.85096405009574,0.0004236689796464077
2018-01-26,269.9405198640184,0.011511322451985606
2018-01-29,268.1508381425388,-0.00665198685738666
2018-01-30,265.40037991794907,-0.010310097683174035
2018-01-31,265.5322512026896,0.0004967533721700335
2018-02-01,265.23083112328254,-0.001135799085685285
2018-02-02,259.4567527271404,-0.022010475115655126
2018-02-05,248.60562986848487,-0.042722207446439064
2018-02-06,253.5037061588502,0.019510617767014793
2018-02-07,252.12847704655533,-0.0054396557380664845
2018-02-08,242.67142205515765,-0.03823043142460314
2018-02-09,246.31672114048723,0.014909836428345535
2018-02-12,249.93376209337237,0.014577738983793331
2018-02-13,250.55544100714954,0.002484286292927962
2018-02-14,253.93699752299787,0.013405977580397632
2018-02-15,257.1772633766242,0.01267939289527753
2018-02-16,257.252618396476,0.0002929651758609708
2018-02-20,255.64190484714427,-0.00628089703246637
2018-02-21,254.37028888714562,-0.004986620361868255
2018-02-22,254.6999670989971,0.0012952171299085435
2018-02-23,258.7597187935114,0.01581365161894155
2018-02-26,261.76450021010095,0.011545340960707584
2018-02-27,258.49597622403024,-0.012565117426691863
2018-02-28,255.87738928418108,-0.010181746324233742
2018-03-01,252.15673517899972,-0.014647522471225471
2018-03-02,253.45660927144283,0.005141782631097769
2018-03-05,256.38603566818057,0.011491618692242689
2018-03-06,257.03597271440213,0.0025317862607430186
2018-03-07,256.9417789395874,-0.00036652861166164286
2018-03-08,258.18513676714167,0.00482739381001096
2018-03-09,262.67817982580374,0.017252720103487107
2018-03-12,262.3485016139522,-0.0012558533378808079
2018-03-13,260.6530136672873,-0.0064837054454329746
2018-03-14,259.3154620649183,-0.0051447524803514
2018-03-15,259.0328807404741,-0.0010903144819902622
2018-03-16,259.3124290253693,0.001078618082313021
2018-03-19,255.8038618784542,-0.013622638101742801
2018-03-20,256.23888637645445,0.00169917298565192
2018-03-21,255.74711955262808,-0.0019210172518873136
2018-03-22,249.35415084288522,-0.025314963515572053
2018-03-23,244.0392863238386,-0.021544956649927727
2018-03-26,250.7159666627121,0.02699146960328669
2018-03-27,246.45083517144874,-0.017158169507277776
2018-03-28,245.7226419900135,-0.0029590936796823897
2018-03-29,248.86238401905882,0.012696640788725233
2018-04-02,243.49077717418615,-0.021821003337583633
2018-04-03,246.61160509462272,0.01273558429891164
2018-04-04,249.2501232455373,0.010642253284503411
2018-04-05,251.2171905408428,0.00786096262689373
2018-04-06,245.61861439266565,-0.022537881032227425
2018-04-09,246.82911734362287,0.004916279682407598
2018-04-10,250.75379487992947,0.015775296260446048
2018-04-11,249.43926433162437,-0.005256104819663321
2018-04-12,251.49144511566908,0.008193517491371871
2018-04-13,250.75379487992947,-0.0029374126717085502
2018-04-16,252.81543271827852,0.008188146709598776
2018-04-17,255.5201502493236,0.01064156492598567
2018-04-18,255.70929133541065,0.0007399460177044404
2018-04-19,254.29073318975765,-0.0055629871990481305
2018-04-20,252.13452480836511,-0.008515457618886835
2018-04-23,252.09669659114766,-0.0001500431376832978
2018-04-24,248.70161409588485,-0.013558889622037107
2018-04-25,249.3163226256678,0.002468621295062867
2018-04-26,251.8508131792345,0.010114438794501801
2018-04-27,252.08723953684333,0.0009383152301403186
2018-04-30,250.1485434044509,-0.007720301211432634
2018-05-01,250.5930249567555,0.0017752936729316104
2018-05-02,248.90966929058058,-0.006740151988815057
2018-05-03,248.3611601409281,-0.002206079020302454
2018-05-04,251.57655860440823,0.012863373494290897
2018-05-07,252.42769349180006,0.0033774941102553413
2018-05-08,252.42769349180006,0.0
2018-05-09,254.86761350232322,0.00961940231364622
2018-05-10,257.25079118702024,0.00930720265555518
2018-05-11,258.0357266942816,0.0030466006276341773
2018-05-14,258.1586684002382,0.0004763387958082177
2018-05-15,256.38074219101975,-0.006910775923429924
2018-05-16,257.45884638171606,0.004196273688030772
2018-05-17,257.2413341327159,-0.0008451998665757188
2018-05-18,256.59825444001984,-0.0025030380793902296
2018-05-21,258.527493518108,0.007490396688152323
2018-05-22,257.8087573909771,-0.0027839865594714297
2018-05-23,258.51803646380364,0.0027474054316716234
2018-05-24,257.9884414227598,-0.0020506818377299396
2018-05-25,257.3737328929768,-0.0023855410890982753
2018-05-29,254.41367489571425,-0.011567658599773267
2018-05-30,257.8087573909771,0.013256476094929859
2018-05-31,256.2294293221501,-0.006144808222774856
2018-06-01,258.7450057671081,0.009769791595805266
2018-06-04,259.974422826674,0.004740209422804398
2018-06-05,260.1635639127611,0.0007272727593292672
2018-06-06,262.33868640276233,0.008325839950201974
2018-06-07,262.31031523984933,-0.00010815292834553958
2018-06-08,263.0857936928063,0.0029519785278591115
2018-06-11,263.43570470206737,0.0013291425396344536
2018-06-12,263.7761586570241,0.00129152633293117
2018-06-13,262.9344808239366,-0.003195980815370092
2018-06-14,263.5964746252414,0.0025145497838909847
2018-06-15,263.26169490286725,-0.001270853473646305
2018-06-18,262.7202191835491,-0.002058914559984082
2018-06-19,261.7132643370978,-0.0038401670203995764
2018-06-20,262.15974431618474,0.0017045355642064663
2018-06-21,260.5163180101841,-0.006288528747760758
2018-06-22,260.99129671134034,0.0018215604876443692
2018-06-25,257.4384560266915,-0.013706375017358496
2018-06-26,258.00843046807904,0.002211574804840133
2018-06-27,255.87102631287587,-0.008318746557997692
2018-06-28,257.33396071243715,0.005701185292766198
2018-06-29,257.704444099339,0.0014386633980736363
2018-07-02,258.25541939268027,0.0021357300897184572
2018-07-03,257.34346028646024,-0.003537478816052264
2018-07-05,259.4428661455709,0.008124895342184857
2018-07-06,261.63726774491283,0.008422560865745332
2018-07-09,263.99316210264783,0.008964131449478607
2018-07-10,264.94311950496035,0.0035919578849847866
2018-07-11,263.00520640424287,-0.007341331373853954
2018-07-12,265.38959948404727,0.00902510485636654
2018-07-13,265.598590112556,0.0007871762249900272
2018-07-16,265.36110076197787,-0.0008945664633204231
2018-07-17,266.434552626591,0.004037089493708734
2018-07-18,266.99502749395543,0.0021014023012648764
2018-07-19,265.98807264750417,-0.003778566503348735
2018-07-20,265.68408627876414,-0.001143510702079631
2018-07-23,266.17806412796665,0.001857541435736465
2018-07-24,267.5175040652273,0.005019501114102987
2018-07-25,269.79740183077735,0.008486313791899569
2018-07-26,269.1609303712279,-0.0023618588577045685
2018-07-27,267.33701215878796,-0.006799374591095031
2018-07-30,265.9405747773885,-0.0052371995652071845
2018-07-31,267.25151599257975,0.004917341721520252
2018-08-01,266.8050360134929,-0.0016720329763888486
2018-08-02,268.258470839031,0.0054327696872045195
2018-08-03,269.40791929582923,0.0042757004307345525
2018-08-06,270.3958749942342,0.0036604292595523447
2018-08-07,271.28883495240797,0.0032969760846235374
2018-08-08,271.1748400641305,-0.00042028580052644315
2018-08-09,270.8043566772286,-0.0013671500560734628
2018-08-10,268.9899380388117,-0.006722655239560282
2018-08-13,267.98298319236045,-0.003750490898037917
2018-08-14,269.69290651652295,0.006360445470974696
2018-08-15,267.67899682362037,-0.007495438853794667
2018-08-16,269.84489970089294,0.008058858827850734
2018-08-17,270.79485710320546,0.003514200973903314
2018-08-20,271.3743311186161,0.0021376140461430992
2018-08-21,272.01080257816545,0.002342617459153651
2018-08-22,271.8493098197724,-0.0005938761069552712
2018-08-23,271.4883260068936,-0.0013287644447554925
2018-08-24,273.1222527388711,0.00600036686072869
2018-08-27,275.27865604212053,0.00786437215137692
2018-08-28,275.4116500784443,0.0004830084620381925
2018-08-29,276.89358362605185,0.005366369947466865
2018-08-30,275.77263389132304,-0.004056521771497401
2018-08-31,275.7821334653462,3.444653037654177e-05
2018-09-04,275.30715476418993,-0.0017237817134700961
2018-09-05,274.56618799038614,-0.0026950468941784322
2018-09-06,273.73972505037426,-0.003014607525666513
2018-09-07,273.20774890507926,-0.0019452555807539795
2018-09-10,273.6827276062355,0.0017370162435907943
2018-09-11,274.5851871384324,0.0032920414380024354
2018-09-12,274.6516841565943,0.00024214331543337408
2018-09-13,276.27611131454864,0.005897077180820887
2018-09-14,276.3236091846643,0.00017190696437463515
2018-09-17,274.860674785103,-0.005308343787669756
2018-09-18,276.3521079067337,0.00541147378312079
2018-09-19,276.64659470145057,0.0010650542981940347
2018-09-20,278.8884941709081,0.008071179246328164
2018-09-21,278.6348555444906,-0.0009098763093788875
2018-09-24,277.7092217560795,-0.0033275617743795394
2018-09-25,277.45157111394445,-0.0009282019333589631
2018-09-26,276.6213634892871,-0.002996747157692603
2018-09-27,277.39431541569223,0.002790363007262542
2018-09-28,277.4229432648184,0.00010319739951736295
2018-10-01,278.38674751873094,0.003468112326689088
2018-10-02,278.2245230403496,-0.0005829004605377719
2018-10-03,278.3772049023556,0.0005486216020198498
2018-10-04,276.2014883687707,-0.00784641646904749
2018-10-05,274.6555845159604,-0.005612736904956783
2018-10-08,274.6555845159604,0.0
2018-10-09,274.25479462819476,-0.0014603110971034283
2018-10-10,265.57101372660617,-0.03217530511307931
2018-10-11,259.7213898885031,-0.02227279746700539
2018-10-12,263.3284988783937,0.013792818820670405
2018-10-15,261.849393340211,-0.005632794033780364
2018-10-16,267.5749631654343,0.021630259308705213
2018-10-17,267.6226762473112,0.00017830079391067954
2018-10-18,263.75791661528547,-0.014546364060830541
2018-10-19,263.6147773696549,-0.0005428390615520584
2018-10-22,262.43149293910875,-0.004498792190169354
2018-10-23,261.09552664655666,-0.00510372585372032
2018-10-24,253.18469767137316,-0.03076709013071799
2018-10-25,257.72698306605025,0.017781566750237232
2018-10-26,253.19424028774853,-0.017743877124302365
2018-10-29,251.79147568056885,-0.005555674827659729
2018-10-30,255.52263868333932,0.014709743627864036
2018-10-31,258.2518269666958,0.010624171253162729
2018-11-01,261.0001004828029,0.010585609928264184
2018-11-02,259.4541966299926,-0.005940611530121487
2018-11-05,260.88558908629847,0.005501774441345475
2018-11-06,262.5364617192378,0.006308018947865257
2018-11-07,268.157062764332,0.02118288976513849
2018-11-08,267.670389329188,-0.0018165309263977747
2018-11-09,265.0557124423361,-0.009816293490765737
2018-11-12,260.10309454351795,-0.018861969622948394
2018-11-13,259.61642110837397,-0.0018728316437535142
2018-11-14,257.84149446255475,-0.0068602046791852445
2018-11-15,260.53251228040966,0.010382627048732829
2018-11-16,261.2100380430611,0.002597166526183692
2018-11-19,256.7918066612638,-0.017059161368154996
2018-11-20,252.0395837063285,-0.01867951240648935
2018-11-21,252.89841918011197,0.0034017495101190676
2018-11-23,251.20937608167114,-0.0067011438224051645
2018-11-26,255.26498804120428,0.016015415321976256
2018-11-27,256.12382351498775,0.003358838761466032
2018-11-28,262.0211604349677,0.022764252371931804
2018-11-29,261.4486034524454,-0.002187546446215549
2018-11-30,263.04222038713255,0.006076834012449517
2018-12-03,266.5252753641434,0.013154527915438585
2018-12-04,257.8892075444316,-0.03293901643181396
2018-12-06,257.4979602730413,-0.0015182657659229548
2018-12-07,251.51473980568304,-0.023510203402969054
2018-12-10,251.99187062445165,0.0018952321645917536
2018-12-11,252.04912632270387,0.00022718667269305826
2018-12-12,253.31829430062834,0.005022764010345959
2018-12-13,253.23241075325004,-0.0003390916144994094
2018-12-14,248.5565287293177,-0.018637387169712305
2018-12-17,243.68025176150255,-0.019813377152400058
2018-12-18,243.41305850299213,-0.0010970928143736458
2018-12-19,239.76777904759996,-0.015088961870798556
2018-12-20,235.86484895007274,-0.016411900580663996
2018-12-21,231.0605233097279,-0.020579285170768458
2018-12-24,224.95522655754732,-0.026778292549016314
2018-12-26,236.3210620207263,0.04928992344213956
2018-12-27,238.135371904629,0.007647988720035137
2018-12-28,237.8281871623809,-0.0012907911920869708
2018-12-31,239.9112836957507,0.008720693441223837
2019-01-02,240.1608712988273,0.0010397921352742756
2019-01-03,234.42995595126155,-0.02415214790747111
2019-01-04,242.28236592497808,0.032946999351707085
2019-01-07,244.19267104083335,0.007853701792506662
2019-01-08,246.48695708449867,0.00935153053828941
2019-01-09,247.638899867929,0.004662556529287265
2019-01-10,248.51245647869698,0.0035213347792115712
2019-01-11,248.60845171064952,0.0003862047705673888
2019-01-14,247.0917270457996,-0.006119543478667389
2019-01-15,249.92358638839912,0.01139558444688138
2019-01-16,250.5283563497,0.002416896425192938
2019-01-17,252.42906194235997,0.007558153321863159
2019-01-18,255.78889506069834,0.013222209176102062
2019-01-22,252.33306671040748,-0.013602567478203653
2019-01-23,252.86104048614638,0.002090182606797164
2019-01-24,252.9954338108799,0.0005313496405561224
2019-01-25,255.13612748342118,0.008425795602145847
2019-01-28,253.1970237979802,-0.007629300139885942
2019-01-29,252.86104048614638,-0.0013278451028160276
2019-01-30,256.86404165856663,0.01570683338481338
2019-01-31,259.119929609451,0.008744079080150513
2019-02-01,259.24472341098925,0.0004814904072727444
2019-02-04,261.0686328180872,0.00701084012536235
2019-02-05,262.1629784623461,0.0041830318214008955
2019-02-06,261.81739562731696,-0.0013190680499715057
2019-02-07,259.3215195965513,-0.00957861729706977
2019-02-08,259.63830386199464,0.0012208432732929708
2019-02-11,259.7822967099234,0.0005544364295868576
2019-02-12,263.12293078187133,0.012777380473242061
2019-02-13,263.97728834624877,0.0032417300602940458
2019-02-14,263.39171743133835,-0.002220726471015233
2019-02-15,266.26197486671884,0.010838348054366342
2019-02-19,266.722751980091,0.0017290447735449632
2019-02-20,267.26032527902515,0.0020134476294728643
2019-02-21,266.3099724826951,-0.0035622440202587313
2019-02-22,267.96109047227856,0.006180844745354186
2019-02-25,268.3258723536981,0.0013603983052474788
2019-02-26,268.1338818897931,-0.0007157684079119875
2019-02-27,268.01868761145005,-0.00042970708961664883
2019-02-28,267.51951240529695,-0.0018642007262990035
2019-03-01,269.1898294412709,0.006224309131066974
2019-03-04,268.2106780753551,-0.0036440324701239035
2019-03-05,267.8458961939355,-0.0013609829828995501
2019-03-06,266.22357677393785,-0.006075330989864014
2019-03-07,263.99648739263927,-0.008400672208304094
2019-03-08,263.46851361690034,-0.0020019298003068897
2019-03-11,267.28912384861087,0.014397065458978453
2019-03-12,268.2970737841124,0.003763917479321144
2019-03-13,270.0729855752341,0.006597388549763217
2019-03-14,269.90019415771957,-0.0006400000218453883
2019-03-15,271.22790421085494,0.004907203013407191
2019-03-18,272.21134760886804,0.0036193354391631516
2019-03-19,272.27883882245715,0.0002479060802800248
2019-03-20,271.45930265744624,-0.0030144539184586705
2019-03-21,274.5253320747813,0.01123131110988318
2019-03-22,269.24173421094605,-0.019433924861201213
2019-03-25,269.03926057017867,-0.0007522972286952978
2019-03-26,271.04471377397016,0.007426483718172783
2019-03-27,269.6273982885983,-0.005242803171189969
2019-03-28,270.6494080943766,0.003783286688333831
2019-03-29,272.35597163798764,0.006285643664200258
2019-04-01,275.58590828832484,0.011789476876273852
2019-04-02,275.7208907155032,0.0004896817166759604
2019-04-03,276.15476280286185,0.0015723548374753094
2019-04-04,276.88752455040105,0.0026499318156743
2019-04-05,278.22770722024245,0.004828493966402725
2019-04-08,278.4398224629512,0.0007620895477611356
2019-04-09,277.012865375638,-0.00513800817875687
2019-04-10,277.95774236588596,0.0034051457502650706
2019-04-11,277.8806095503555,-0.00027753686214637696
2019-04-12,279.76072192891,0.006743113884890128
2019-04-15,279.57753149202523,-0.0006550256211310668
2019-04-16,279.76072192891,0.0006550256211310668
2019-04-17,279.07616819107733,-0.0024499244496327677
2019-04-18,279.6257395017317,0.001967315594734842
2019-04-22,279.8667795502643,0.0008616381997521572
2019-04-23,282.38323765694497,0.008951444492479865
2019-04-24,281.7565335307602,-0.002221805361006801
2019-04-25,281.58298469581666,-0.0006161429646551753
2019-04-26,282.8942425598342,0.004645927804662442
2019-04-29,283.3377562491342,0.0015665443879315788
2019-04-30,283.48238027825374,0.0005102995569075119
2019-05-01,281.3515862492253,-0.007544886686361885
2019-05-02,280.7441653269231,-0.0021612729042788104
2019-05-03,283.49202188019507,0.009740170304018747
2019-05-06,282.32538804529713,-0.0041237171838623965
2019-05-07,277.61064469599893,-0.016840690727733865
2019-05-08,277.2249806183467,-0.0013901924179657854
2019-05-09,276.3861612494532,-0.0030303581245663125
2019-05-10,277.7745519290011,0.00501079759541323
2019-05-13,270.7940321234962,-0.02545131755044938
2019-05-14,273.2429990165877,0.009003002716545971
2019-05-15,274.8435049388444,0.005840357170304955
2019-05-16,277.3888878513489,0.009218586130617545
2019-05-17,275.5955498902661,-0.0064860568423483755
2019-05-20,273.77328712335947,-0.006634047391712805
2019-05-21,276.2415372203336,0.008975273236183412
2019-05-22,275.39307624949873,-0.0030761725939152385
2019-05-23,272.02815717198325,-0.012293865319352726
2019-05-24,272.6452196962268,0.0022658085173379305
2019-05-28,270.1094783856635,-0.009344036152400648
2019-05-29,268.29685722069814,-0.006733308630998636
2019-05-30,269.02961896823734,0.002727437542190181
2019-05-31,265.4043766383066,-0.013566868742318938
2019-06-03,264.7294645024153,-0.002546196632408737
2019-06-04,270.4758592594331,0.021474433567707507
2019-06-05,272.81876853117024,0.008624873781760023
2019-06-06,274.5928232883704,0.006481634640595146
2019-06-07,277.3406798416424,0.009957283771481862
2019-06-10,278.6133712978947,0.004578413186516528
2019-06-11,278.5458800843055,-0.00024226902362922687
2019-06-12,278.05415838529893,-0.0017668767263554486
2019-06-13,279.2015090163143,0.004117866607441734
2019-06-14,278.8929777541925,-0.0011056597076901653
2019-06-17,278.9990353755469,0.0003802084279254103
2019-06-18,281.9204407637623,0.010416581802112468
2019-06-19,282.5567864918885,0.002254638334255432
2019-06-20,285.25643503545393,0.009509003254210668
2019-06-21,284.84338880828835,-0.0014490314929522796
2019-06-24,284.4946009852578,-0.0012252400961010323
2019-06-25,281.7042984010134,-0.00985634262614532
2019-06-26,281.423330432461,-0.0009978838809576729
2019-06-27,282.421251148354,0.0035397050550693976
2019-06-28,283.8745337443146,0.005132603226520871
2019-07-01,286.4516882144849,0.00903753645587635
2019-07-02,287.19770661374463,0.0026009574020369186
2019-07-03,289.4938931153625,0.007963350383681345
2019-07-05,289.16448239361137,-0.0011385327553403712
2019-07-08,287.5755600886944,-0.005510026035650206
2019-07-09,287.9340364623647,0.0012457704343420417
2019-07-10,289.3098106532075,0.004766709260530355
2019-07-11,289.9880091979891,0.0023414514309809675
2019-07-12,291.2862749837139,0.00446697189205203
2019-07-15,291.3831604901113,0.0003325573692114503
2019-07-16,290.37555122357855,-0.0034640143887934016
2019-07-17,288.4669067475503,-0.006594718017083778
2019-07-18,289.52295876728164,0.003654227376272523
2019-07-19,287.9146593610852,-0.005570484203093251
2019-07-22,288.62192355778603,0.002453494097145459
2019-07-23,290.6855848440502,0.007124609937298132
2019-07-24,292.05167048425324,0.004688521731464057
2019-07-25,290.656519192131,-0.004788516731797365
2019-07-26,292.60391787071825,0.00667765475324078
2019-07-29,292.07104758553265,-0.0018227920270588172
2019-07-30,291.3540948381921,-0.0024577381264601073
2019-07-31,288.1665616777184,-0.011000696073889316
2019-08-01,285.6572270620263,-0.00874606686094559
2019-08-02,283.5063688200046,-0.007557997371071323
2019-08-05,274.9804442570354,-0.03053460454362522
2019-08-06,278.83648741165104,0.013925560046875951
2019-08-07,279.00119277252657,0.0005905135902883885
2019-08-08,284.47522388397834,0.019430106267758873
2019-08-09,282.5375137560308,-0.006834829423175037
2019-08-12,279.1465210321226,-0.012074524866977576
2019-08-13,283.4385489655264,0.015258532213083598
2019-08-14,275.0579526621533,-0.030013528755319818
2019-08-15,275.7845939601336,0.0026382919181653364
2019-08-16,279.8537852288235,0.014647166830183522
2019-08-19,283.22540085145215,0.011975778903237533
2019-08-20,281.0551655081509,-0.007692081469401479
2019-08-21,283.341663459129,0.008102492227924252
2019-08-22,283.2544665033714,-0.0003077922768435215
2019-08-23,275.9783649729284,-0.026023193685786872
2019-08-26,279.0302584244458,0.010997754209541633
2019-08-27,277.9354522021554,-0.003931328666926248
2019-08-28,279.8925394313824,0.007016841350783842
2019-08-29,283.4676146174456,0.012692140730136359
2019-08-30,283.34427936780173,-0.000435189356113419
2019-09-03,281.69460985037364,-0.005839152795052982
2019-09-04,284.8143231563692,0.011013929917063514
2019-09-05,288.47659529819003,0.012776486919572783
2019-09-06,288.76725181738215,0.0010070494305258748
2019-09-09,288.9125800769782,0.0005031446647025817
2019-09-10,288.84476022250004,-0.00023476934020294493
2019-09-11,290.8987329581244,0.007085827969657288
2019-09-12,291.9063422246572,0.0034577951132650497
2019-09-13,291.7125712118624,-0.000664032694808192
2019-09-16,290.81153600236684,-0.0030935575606898524
2019-09-17,291.54786585098685,0.0025287828741609175
2019-09-18,291.7222597625022,0.0005979867956673601
2019-09-19,291.70288266122265,-6.642532135714418e-05
2019-09-20,290.3306157257115,-0.004715431266561154
2019-09-23,290.26248127787454,-0.00023470636664946198
2019-09-24,287.9848440216114,-0.00787776764589232
2019-09-25,289.68820521753474,0.005897336338851922
2019-09-26,289.0847286795505,-0.002085366199204408
2019-09-27,287.52736987184915,-0.005401768705420196
2019-09-30,288.8608583509434,0.004627057920087552
2019-10-01,285.42493548145245,-0.011966041661981563
2019-10-02,280.38298634151954,-0.017822594584481877
2019-10-03,282.68009058287896,0.008159359331687988
2019-10-04,286.5053531542952,0.013441384371678744
2019-10-07,285.2691996006823,-0.0043239261825069875
2019-10-08,280.84046049128176,-0.015646542614610404
2019-10-09,283.5074374494702,0.00945160537300982
2019-10-10,285.42493548145245,0.006740714305222717
2019-10-11,288.38391721608485,0.010313566789703188
2019-10-14,288.0627119619965,-0.0011144320083547044
2019-10-15,290.9146252785995,0.009851633903743995
2019-10-16,290.44741763628906,-0.001607286710871847
2019-10-17,291.30396498052477,0.0029447217102847034
2019-10-18,290.0288774567194,-0.004386779743104974
2019-10-21,291.99504295144226,0.006756330470514271
2019-10-22,291.0411606817252,-0.0032721231198253875
2019-10-23,291.8879745334128,0.0029053769873863544
2019-10-24,292.3649156682713,0.0016326534238855217
2019-10-25,293.5621352516917,0.004086588075054465
2019-10-28,295.21682898487427,0.005620778560734507
2019-10-29,295.129227551941,-0.0002967799398545523
2019-10-30,296.03444235891743,0.0030624869576323377
2019-10-31,295.24602946251866,-0.0026667999408962473
2019-11-01,297.98114086854406,0.009221191892144098
2019-11-04,299.1783604519644,0.004009719965377911
2019-11-05,298.84742170532786,-0.001106770946310398
2019-11-06,298.91555615316486,0.00022796476414832512
2019-11-07,299.9667733483632,0.0035106004069307417
2019-11-08,300.7065187820213,0.002463055432396999
2019-11-11,300.13224272168145,-0.0019115818486028502
2019-11-12,300.7649197373101,0.0021057754602438195
2019-11-13,300.86225466279143,0.0003235722403251984
2019-11-14,301.3002618274574,0.001454780827169877
2019-11-15,303.48056415823925,0.007210254303199548
2019-11-18,303.70443448684625,0.0007374040506631374
2019-11-19,303.61683305391307,-0.0002884846562194454
2019-11-20,302.4877479183296,-0.003725714924764034
2019-11-21,302.001073290923,-0.0016102025893056648
2019-11-22,302.6726842767441,0.0022214003951530614
2019-11-25,305.01845598084424,0.007720314482113189
2019-11-26,305.70953395176167,0.0022631295020705267
2019-11-27,307.0722229085003,0.004447558001639429
2019-11-29,305.93340428036873,-0.003715528496806897
2019-12-02,303.3345617700172,-0.008531084570326364
2019-12-03,301.3002618274574,-0.006729045497416486
2019-12-04,303.1593589041508,0.006151289101952173
2019-12-05,303.70443448684625,0.0017963692519105123
2019-12-06,306.4784798630642,0.009092566910403832
2019-12-09,305.514864100799,-0.0031491079702350433
2019-12-10,305.1741918616143,-0.001115697984750419
2019-12-11,306.0404726983982,0.00283462248884625
2019-12-12,308.6782491789422,0.00858211268531317
2019-12-13,308.86318553735674,0.0005989439851212808
2019-12-16,310.98508691284974,0.006846545383787372
2019-12-17,311.0532213606867,0.0002190683345482114
2019-12-18,311.0726883457829,6.25821390780601e-05
2019-12-19,312.34777586958836,0.004090623824595241
2019-12-20,313.71046482632704,0.004353240705580852
2019-12-23,314.1897406276705,0.0015265989412327485
2019-12-24,314.1995217664735,3.11308273044375e-05
2019-12-26,315.8720965017742,0.0053091699914196155
2019-12-27,315.7938473913508,-0.0002477547240919975
2019-12-30,314.0528046844295,-0.005528479466007319
2019-12-31,314.81573351105794,0.002426355126972979
2020-01-02,317.75985629073944,0.00930843391804892
2020-01-03,315.35369614521903,-0.0076010747872254925
2020-01-06,316.5567762179792,0.003807759418466894
2020-01-07,315.66669258691275,-0.002815726600029933
2020-01-08,317.3490484610164,0.0053153807275680975
2020-01-09,319.50089899766067,0.006757820219582378
2020-01-10,318.5814719501854,-0.0028818463748887524
2020-01-13,320.7724470420414,0.0068537428278734325
2020-01-14,320.28339010189495,-0.0015257860756818786
2020-01-15,321.0071943733117,0.0022573373016498977
2020-01-16,323.6774452665112,0.008283945356270195
2020-01-17,324.6849025632128,0.003107700843186123
2020-01-21,324.04912854102247,-0.0019600458593185266
2020-01-22,324.08825309623415,0.00012072920454109237
2020-01-23,324.4599363707455,0.0011462010726122074
2020-01-24,321.57450042388155,-0.008932821439592509
2020-01-27,316.4198402747382,-0.01615930420245526
2020-01-28,319.73564632893095,0.010424608926697942
2020-01-29,319.47155558125195,-0.0008263072190564102
2020-01-30,320.50835629436233,0.0032401067624912017
2020-01-31,314.68857870661986,-0.01832483792902906
2020-02-03,317.0262708805198,0.00740113311046553
2020-02-04,321.8581534491665,0.01512628736597943
2020-02-05,325.57498619427935,0.011481876200075902
2020-02-06,326.67047374020734,0.003359129785706294
2020-02-07,324.92943103328605,-0.005343913765091912
2020-02-10,327.3551534564123,0.007437654248203529
2020-02-11,327.9224595069822,0.001731498775733975
2020-02-12,330.03518548841475,0.006422094974697146
2020-02-13,329.6830644915093,-0.0010674891299551348
2020-02-14,330.2112459868675,0.0016008066739283677
2020-02-18,329.3602869110127,-0.002580340434851003
2020-02-19,330.93505025828415,0.004769884760194465
2020-02-20,329.5754719646771,-0.004116755654919757
2020-02-21,326.1814168000609,-0.010351657849813733
2020-02-24,315.36347728402194,-0.03372785009455992
2020-02-25,305.80730467356074,-0.030770689434545417
2020-02-26,304.68247371122396,-0.0036850157857992727
2020-02-27,290.99866052592694,-0.04595150036136442
2020-02-28,289.77601817556086,-0.0042103907122372775
2020-03-02,302.32521925971815,0.04239504947118
2020-03-03,293.66891141912646,-0.029050341798321
2020-03-04,306.01270858842224,0.041173651306858794
2020-03-05,295.8403242333766,-0.033806768811029286
2020-03-06,290.9497548319123,-0.01666927515814276
2020-03-09,268.22816939270933,-0.08131259183061434
2020-03-10,282.1076053540649,0.0504505808000868
2020-03-11,268.3553241971474,-0.04997663850280354
2020-03-12,242.67983483945997,-0.10056891641754984
2020-03-13,263.4256302404714,0.08202806746350877
2020-03-16,234.600614188241,-0.11588653572900665
2020-03-17,247.26718893803346,0.05258493432462963
2020-03-18,234.74733127028492,-0.051959738930711374
2020-03-19,235.24616934923426,0.0021227453809782304
2020-03-20,225.16725355658937,-0.043789019816351527
2020-03-23,219.41013627815383,-0.025900728432157294
2020-03-24,239.28941303446112,0.08673100577630954
2020-03-25,242.8716193410432,0.014859235721961461
2020-03-26,257.0528261756169,0.05674862483051957
2020-03-27,249.39635225660348,-0.03023820603151428
2020-03-30,257.4956813508811,0.0319595414474545
2020-03-31,253.65760316525748,-0.015017609921146757
2020-04-01,242.24178086955627,-0.046049016692859546
2020-04-02,247.83159730400308,0.022813150485501588
2020-04-03,244.24939099742096,-0.014559674819510704
2020-04-06,260.65471493443295,0.06500680262861724
2020-04-07,260.9204280395915,0.0010188872369587543
2020-04-08,269.67911928370705,0.03301731770989935
2020-04-09,273.78291057448934,0.015102690043666378
2020-04-13,271.2832391407755,-0.009172057223049812
2020-04-14,279.2841559738833,0.029066305757096345
2020-04-15,273.34989662534207,-0.021477096551404173
2020-04-16,274.66862092501793,0.004812709070291632
2020-04-17,282.08890541722366,0.026656932454422133
2020-04-20,277.11908622814684,-0.01777496070699147
2020-04-21,268.70483789812573,-0.030833807691255544
2020-04-22,274.66862092501793,0.021951835943824882
2020-04-23,274.6489384727839,-7.166147124060274e-05
2020-04-24,278.47717543229066,0.013842405885918119
2020-04-27,282.49239568802,0.01431553165669186
2020-04-28,281.19335384057814,-0.004609107639321763
2020-04-29,288.554590976082,0.02584176686856754
2020-04-30,285.86793624614546,-0.009354348736811069
2020-05-01,278.30003336218493,-0.026830154387791794
2020-05-04,279.06764899930965,0.002754433551623414
2020-05-05,281.6460502419594,0.009196919641023094
2020-05-06,279.73685237526456,-0.006801793280289736
2020-05-07,283.11239293338997,0.011994618652609645
2020-05-08,287.79681656507427,0.016410766141859767
2020-05-11,287.8558639217762,0.00020514924679648772
2020-05-12,282.11842909557464,-0.020132938253095034
2020-05-13,277.1289274542639,-0.017844104134929317
2020-05-14,280.4454206556874,0.011896287286313978
2020-05-15,281.73462127701225,0.004586441300195254
2020-05-18,290.3161704510221,0.03000500346942303
2020-05-19,287.3342789375761,-0.010324299075652021
2020-05-20,292.2155270916,0.016845363523533052
2020-05-21,290.1980757376183,-0.006927926866187484
2020-05-22,290.74918440016944,0.001897276622794486
2020-05-26,294.3313907067515,0.012245325587406874
2020-05-27,298.7107363288093,0.014769356270296186
2020-05-28,298.15962766625825,-0.0018466616954349035
2020-05-29,299.488193192051,0.0044459886504499835
2020-06-01,300.69866400444005,0.004033651983898601
2020-06-02,303.1884942120369,0.008246058165728876
2020-06-03,307.2233969200003,0.013220455023613908
2020-06-04,306.41641637840763,-0.0026301455326267487
2020-06-05,314.2697148197607,0.02530656691391453
2020-06-08,318.06842810091644,0.012014960735385216
2020-06-09,315.6966926067234,-0.00748462321026544
2020-06-10,313.9351131317833,-0.005595600651830068
2020-06-11,295.8370983026501,-0.059377359219563886
2020-06-12,299.3799397047642,0.011904508829399418
2020-06-15,302.17484792198763,0.009292348380728122
2020-06-16,307.99101255712503,0.019064786071044004
2020-06-17,306.7116531619172,-0.0041625368289839315
2020-06-18,306.82974787532095,0.0003849608670662974
2020-06-19,305.08411118669034,-0.005705513605340329
2020-06-22,307.0412993027792,0.006394750984446418
2020-06-23,308.4548240532878,0.004593131238187276
2020-06-24,300.5865324350722,-0.025839721157184137
2020-06-25,303.8089734746932,0.01066345313015038
2020-06-26,296.59307789517385,-0.024038035917496536
2020-06-29,300.9522696082807,0.014590588195585674
2020-06-30,304.80733710966774,0.012728215959953992
2020-07-01,306.9424514181282,0.0069803799464178695
2020-07-02,308.63275024565945,0.0054917841758461705
2020-07-06,313.3972182858352,0.015319394432714795
2020-07-07,310.16489245774915,-0.010367386741230611
2020-07-08,312.53724168937197,0.007619568263232068
2020-07-09,310.75797976565485,-0.005709226367949682
2020-07-10,313.93099686295034,0.01015879743109327
2020-07-13,311.21268003504923,-0.008696669456935702
2020-07-14,315.245673728808,0.012875714360045087
2020-07-15,318.1419167490808,0.009145310864330014
2020-07-16,317.09412917178076,-0.0032988950619499136
2020-07-17,318.0134144990346,0.0028948985991936738
2020-07-20,320.58345949995925,0.008049080667821507
2020-07-21,321.2655099040508,0.0021252683834536157
2020-07-22,323.0941957700934,0.005675993577768601
2020-07-23,319.23912826870634,-0.012003468120227012
2020-07-24,317.1830922679666,-0.006461255082887973
2020-07-27,319.4961327687988,0.007265984458699748
2020-07-28,317.46975113345434,-0.006362627960853295
2020-07-29,321.37424257716685,0.012223766990418383
2020-07-30,320.2276071152158,-0.0035742935692733013
2020-07-31,322.7581129622801,0.007871151202365922
2020-08-03,325.0019599438567,0.006928046511061936
2020-08-04,326.25732807892376,0.0038552070212052314
2020-08-05,328.28370971426824,0.006191783226165093
2020-08-06,330.4781327535193,0.006662289812806144
2020-08-07,330.7153676766816,0.0007175960840157813
2020-08-10,331.70384652319103,0.0029844532254346134
2020-08-11,328.96576011835975,-0.00828886951679042
2020-08-12,333.55230196616384,0.013846007783411274
2020-08-13,332.949329869793,-0.0018093646949095543
2020-08-14,332.9592146582581,2.9688126236493417e-05
2020-08-17,334.0168870240233,0.0031715476751443816
2020-08-18,334.7384765819752,0.0021580083757326562
2020-08-19,333.3447214083968,-0.0041724060708530075
2020-08-20,334.38262419723173,0.0031087647722056744
2020-08-21,335.5687988130432,0.0035410801874551368
2020-08-24,338.9691660450359,0.01008214870907942
2020-08-25,340.15534066084723,0.003493249942591703
2020-08-26,343.56559268130496,0.0099756498145398
2020-08-27,344.31683660465217,0.0021842227393369384
2020-08-28,346.54091400929855,0.006438619487376229
2020-08-31,345.2855458742315,-0.0036291457054637988
2020-09-01,348.5376412792478,0.009374489874833358
2020-09-02,353.57888339644614,0.014360376301201683
2020-09-03,341.4107087959143,-0.03502043291128931
2020-09-04,338.62319844875753,-0.008198196972015737
2020-09-08,329.3710364454286,-0.02770309453452846
2020-09-09,335.87522725546114,0.0195548578817224
2020-09-10,330.04320206105507,-0.017516182314287754
2020-09-11,330.21124346496174,0.0005090201472288669
2020-09-14,334.56055038960346,0.01308529941813763
2020-09-15,336.25084921713477,0.005039575671919039
2020-09-16,334.9164027743469,-0.003976499739057893
2020-09-17,331.9707358117486,-0.008834136840477846
2020-09-18,328.1643014696098,-0.011532417805431905
2020-09-21,324.51196628313426,-0.011191990551341569
2020-09-22,327.81693263393964,0.010132908827414688
2020-09-23,320.2145175446996,-0.023464181831631237
2020-09-24,321.0680523980608,0.0026619633758420136
2020-09-25,326.25873528536175,0.0160376311985031
2020-09-28,331.67768912181737,0.016472948371882623
2020-09-29,329.87137117633216,-0.005460887310650087
2020-09-30,332.37242679315784,0.0075533134940597435
2020-10-01,334.50626392656073,0.006399497976010693
2020-10-02,331.3303202861471,-0.009539781387464252
2020-10-05,337.20581602091227,0.01757764972171838
2020-10-06,332.41212608866306,-0.014317931238013948
2020-10-07,338.1982984085415,0.01725686240763835
2020-10-08,341.1955952191818,0.00882350072537097
2020-10-09,344.24251614920365,0.008890491931299316
2020-10-12,349.7805678721748,0.01595961114080069
2020-10-13,347.4978583806276,-0.006547506879738485
2020-10-14,345.3143971278432,-0.006303203976444571
2020-10-15,344.88762970116267,-0.0012366451110805698
2020-10-16,344.6792083997605,-0.000604499219605259
2020-10-19,339.4389013930781,-0.01532018938402846
2020-10-20,340.7986022641301,0.003997729247852355
2020-10-21,340.15348871217117,-0.0018947404773594911
2020-10-22,342.01935560091414,0.005470377653716163
2020-10-23,343.18055999444033,0.0033893918512077903
2020-10-26,336.8385975374895,-0.018652846070144946
2020-10-27,335.6773931439633,-0.0034533172849462446
2020-10-28,324.2042967429692,-0.034776696696545706
2020-10-29,327.49933826989826,0.010112171938304826
2020-10-30,324.0851988564537,-0.010479593865279746
2020-11-02,327.7176843951767,0.011146078788009106
2020-11-03,333.5038567150552,0.017501910205730553
2020-11-04,340.9573994461509,0.0221031115171213
2020-11-05,347.6070314432668,0.01931508056567388
2020-11-06,347.52763285225643,-0.00022844089191309536
2020-11-09,351.89455535782514,0.012487391236224
2020-11-10,351.3784645162579,-0.001467683018187671
2020-11-11,353.9886931957228,0.007401083437886591
2020-11-12,350.5547041345256,-0.009748203638769937
2020-11-13,355.4079430100327,0.01374949610459364
2020-11-16,359.84433928273535,0.012405282096547232
2020-11-17,357.90899862685836,-0.005392786752711487
2020-11-18,353.60162506454736,-0.012107833784553712
2020-11-19,355.09034864599124,0.004201333799400686
2020-11-20,352.65876679629963,-0.006871337212428941
2020-11-23,354.7727542819499,0.005976532611591701
2020-11-24,360.4894528346944,0.01598524352812003
2020-11-25,359.933662697622,-0.001542955064472551
2020-11-27,360.9360699091275,0.0027811067999161665
2020-11-30,359.3381732650445,-0.004436919077997814
2020-12-01,363.26840352005627,0.010878032769338297
2020-12-02,364.0326149585308,0.002101500480013563
2020-12-03,363.93336671976783,-0.0002726727398689732
2020-12-04,367.0696110646763,0.0085807135765954
2020-12-07,366.31532445007804,-0.0020570012936893534
2020-12-08,367.38720542871766,0.002921842838365052
2020-12-09,364.0921639017886,-0.009009314418548797
2020-12-10,363.97306601527305,-0.000327162684561344
2020-12-11,363.54629858859244,-0.0011732126906736084
2020-12-14,361.91862747288053,-0.004487257173710013
2020-12-15,366.81156564389266,0.013428870513386926
2020-12-16,367.38720542871766,0.001568076454106837
2020-12-17,369.4416439711102,0.005576447957841069
2020-12-18,367.97277003741885,-0.003983854528761377
2020-12-21,366.6570864780457,-0.003581898977802034
2020-12-22,366.03911389712795,-0.0016868457271526083
2020-12-23,366.36803478697124,0.0008981914295818072
2020-12-24,367.7933586429589,0.003882867335446072
2020-12-28,370.95299264539295,0.008554095092146774
2020-12-29,370.24531436724527,-0.0019095523734780073
2020-12-30,370.773581250933,0.0014257854322003993
2020-12-31,372.6574008927628,0.005067918122986903
2021-01-04,367.58404534942224,-0.013707513967023743
2021-01-05,370.1157394712464,0.0068637787707874764
2021-01-06,372.3284800029195,0.005960709303663769
2021-01-07,377.8603313321022,0.01474815810047847
2021-01-08,380.01326806562196,0.005681534563541923
2021-01-11,377.45167204472114,-0.006763628652951326
2021-01-12,377.5314104422589,0.00021123227707775527
2021-01-13,378.5480750108655,0.00268930767441411
2021-01-14,377.2224241518,-0.0035080814084675893
2021-01-15,374.471449436747,-0.007319434395981261
2021-01-19,377.4118028459522,0.007821342979909218
2021-01-20,382.6346678846761,0.013743757657536548
2021-01-21,382.98352337390384,0.0009113041392003751
2021-01-22,381.62797061576174,-0.0035457331965060845
2021-01-25,383.13303286928715,0.0039360380295319075
2021-01-26,382.5349948877539,-0.0015621341925413645
2021-01-27,373.18566777645054,-0.024744074348596712
2021-01-28,376.39513827734567,0.00856342661951448
2021-01-29,368.8598597100265,-0.02022270333452969
2021-02-01,374.99971632043474,0.0165084815706269
2021-02-02,380.30231975669636,0.01404124523157435
2021-02-03,380.60133874746305,0.000785957598750997
2021-02-04,384.92714681388696,0.011301615005258725
2021-02-05,386.44217636710454,0.003928161143618603
2021-02-08,389.23302028092644,0.007195939663207973
2021-02-09,388.97387048892875,-0.0006660177509374421
2021-02-10,388.80442639416094,-0.00043571310263512686
2021-02-11,389.43236627477086,0.0016137505263129626
2021-02-12,391.35605511536954,0.004927564703327114
2021-02-16,391.0171669258341,-0.0008663083070397093
2021-02-17,391.106872623064,0.00022938995117716132
2021-02-18,389.44233357446313,-0.004265052244344147
2021-02-19,388.75458989569984,-0.0017675316801524232
2021-02-22,385.7643999880335,-0.007721449837032601
2021-02-23,386.2328630735679,0.0012136393882471452
2021-02-24,390.4889000421463,0.010959084107023287
2021-02-25,381.0797691326896,-0.02439082287298522
2021-02-26,379.1162110933221,-0.005165937356196082
2021-03-01,388.3060614095499,0.023951063077206847
2021-03-02,385.2760023031147,-0.007833880191128628
2021-03-03,380.1727448606975,-0.01333422538094986
2021-03-04,375.4681794059691,-0.012452015478376488
2021-03-05,382.37551809267836,0.018229431718388867
2021-03-08,380.4717638514642,-0.004991190867331241
2021-03-09,385.90394218372467,0.014176517512846765
2021-03-10,388.3060614095499,0.006205362686550586
2021-03-11,392.2431447879772,0.010088068084800561
2021-03-12,392.77141167166496,0.0013458781345700999
2021-03-15,395.1137270993369,0.0059458472132059015
2021-03-16,394.6153621147259,-0.0012621164841792876
2021-03-17,395.9609475731757,0.003404065467961459
2021-03-18,390.1998483510719,-0.014656549607190428
2021-03-19,389.48,-0.00184652343427949
2021-03-22,392.59,0.007953294189883664
2021-03-23,389.5,-0.007901944989636256
2021-03-24,387.52,-0.005096404946075772
2021-03-25,389.7,0.005609751979936739
2021-03-26,395.98,0.015986492583889067
2021-03-29,395.78,-0.0005052036077950461
2021-03-30,394.73,-0.0026565144463539525
2021-03-31,396.33,0.00404521068396857
2021-04-01,400.61,0.010741187917951756
2021-04-05,406.36,0.014251080747020417
2021-04-06,406.12,-0.0005907837903222912
2021-04-07,406.59,0.001156624263011885
2021-04-08,408.52,0.0047355660138643785
2021-04-09,411.49,0.0072438457753705165
2021-04-12,411.64,0.0003644624826222298
2021-04-13,412.86,0.0029593714745521638
2021-04-14,411.45,-0.003421046390721827
2021-04-15,415.87,0.010685205371241402
2021-04-16,417.26,0.00333681727876467
2021-04-19,415.21,-0.004925112361662265
2021-04-20,412.17,-0.007348530736098979
2021-04-21,416.07,0.009417629732387134
2021-04-22,412.27,-0.009175040822362313
2021-04-23,416.74,0.01078405162806284
2021-04-26,417.61,0.0020854564998185054
2021-04-27,417.52,-0.00021553530671525323
2021-04-28,417.4,-0.0002874526920573217
2021-04-29,420.06,0.006352563574060888
2021-04-30,417.3,-0.006592170619653892
2021-05-03,418.2,0.002154399397026552
2021-05-04,415.62,-0.006188405731965219
2021-05-05,415.75,0.0003127368104687278
2021-05-06,419.07,0.007953852334532385
2021-05-07,422.12,0.007251663395320129
2021-05-10,417.94,-0.009951752250938029
2021-05-11,414.21,-0.008964789955780539
2021-05-12,405.41,-0.021474190886936917
2021-05-13,410.28,0.011940952729975862
2021-05-14,416.58,0.01523866655402717
2021-05-17,415.52,-0.002547772078798971
2021-05-18,411.94,-0.008653040238106868
2021-05-19,410.86,-0.002625183811966636
